name,repetitions,median_cpu_ns,cpu_cv,median_cpu_ns_per_element,object_bytes,elements,buckets,load_factor,construction_work
Diagnostic/Map/string/64/absl_flat_dumbo/find/mixed,9,8.20546901,0.00922951785,,16,64,127,0.503937006,
Diagnostic/Map/string/64/absl_flat_fambo/find/mixed,9,6.34875693,0.0114625262,,16,64,127,0.503937006,
Diagnostic/Map/string/64/absl_flat_frozen_hash/find/mixed,9,11.5560192,0.0150840787,,16,64,127,0.503937006,
Diagnostic/Map/string/64/absl_flat_mumbo/find/mixed,9,7.80329374,0.012345212,,16,64,127,0.503937006,
Diagnostic/Map/string/64/absl_node_dumbo/find/mixed,9,7.52129802,0.0122065663,,16,64,127,0.503937006,
Diagnostic/Map/string/64/absl_node_fambo/find/mixed,9,6.18501836,0.00925712636,,16,64,127,0.503937006,
Diagnostic/Map/string/64/absl_node_frozen_hash/find/mixed,9,11.6456648,0.00844826513,,16,64,127,0.503937006,
Diagnostic/Map/string/64/absl_node_mumbo/find/mixed,9,7.62224673,0.00754147592,,16,64,127,0.503937006,
Diagnostic/Map/string/64/std_dumbo/find/mixed,9,7.03636941,0.0173839719,,40,64,64,1,
Diagnostic/Map/string/64/std_fambo/find/mixed,9,5.91056905,0.0238440205,,40,64,64,1,
Diagnostic/Map/string/64/std_frozen_hash/find/mixed,9,12.1564747,0.00877922772,,40,64,64,1,
Diagnostic/Map/string/64/std_mumbo/find/mixed,9,6.50498708,0.0206185259,,40,64,64,1,
Diagnostic/Set/string/64/absl_flat_dumbo/find/mixed,9,7.74603913,0.0149898169,,16,64,127,0.503937006,
Diagnostic/Set/string/64/absl_flat_fambo/find/mixed,9,6.27854721,0.0102713533,,16,64,127,0.503937006,
Diagnostic/Set/string/64/absl_flat_frozen_hash/find/mixed,9,13.4308862,0.0484777539,,16,64,127,0.503937006,
Diagnostic/Set/string/64/absl_flat_mumbo/find/mixed,9,7.78227723,0.00915053047,,16,64,127,0.503937006,
Diagnostic/Set/string/64/absl_node_dumbo/find/mixed,9,7.55839905,0.0155047633,,16,64,127,0.503937006,
Diagnostic/Set/string/64/absl_node_fambo/find/mixed,9,6.50315382,0.0118532892,,16,64,127,0.503937006,
Diagnostic/Set/string/64/absl_node_frozen_hash/find/mixed,9,11.5502176,0.00925210032,,16,64,127,0.503937006,
Diagnostic/Set/string/64/absl_node_mumbo/find/mixed,9,6.89662601,0.0216148379,,16,64,127,0.503937006,
Diagnostic/Set/string/64/std_dumbo/find/mixed,9,6.51484028,0.0254469791,,40,64,64,1,
Diagnostic/Set/string/64/std_fambo/find/mixed,9,6.40884277,0.0292244417,,40,64,64,1,
Diagnostic/Set/string/64/std_frozen_hash/find/mixed,9,12.5196739,0.0206433022,,40,64,64,1,
Diagnostic/Set/string/64/std_mumbo/find/mixed,9,6.79333874,0.0352645318,,40,64,64,1,
Hash/string/absl,9,1.39792549,0.0804413307,,,,,,
Hash/string/dumbo,9,2.36624709,0.00358489443,,,,,,
Hash/string/fambo,9,1.75129466,0.0157651762,,,,,,
Hash/string/frozen,9,4.60986125,0.021850367,,,,,,
Hash/string/mumbo,9,2.09758883,0.0112297235,,,,,,
Hash/string/std,9,1.57355421,0.00679564512,,,,,,
Map/string/256/absl_flat/at/hit,9,6.54893532,0.0161931104,,16,256,511,0.50097847,
Map/string/256/absl_flat/contains/hit,9,6.47742483,0.0105498537,,16,256,511,0.50097847,
Map/string/256/absl_flat/contains/miss,9,4.66110102,0.00692508429,,16,256,511,0.50097847,
Map/string/256/absl_flat/contains/mixed,9,5.7945716,0.0101230833,,16,256,511,0.50097847,
Map/string/256/absl_flat/count/hit,9,6.54242213,0.0168243735,,16,256,511,0.50097847,
Map/string/256/absl_flat/count/miss,9,4.65205778,0.00761128,,16,256,511,0.50097847,
Map/string/256/absl_flat/count/mixed,9,5.80204151,0.0776724857,,16,256,511,0.50097847,
Map/string/256/absl_flat/equal_range/hit,9,9.74261148,0.0201852598,,16,256,511,0.50097847,
Map/string/256/absl_flat/equal_range/miss,9,4.84556841,0.0209714976,,16,256,511,0.50097847,
Map/string/256/absl_flat/equal_range/mixed,9,8.11936642,0.0111828972,,16,256,511,0.50097847,
Map/string/256/absl_flat/find/hit,9,7.62165365,0.0276530941,,16,256,511,0.50097847,
Map/string/256/absl_flat/find/miss,9,4.96208872,0.00265647254,,16,256,511,0.50097847,
Map/string/256/absl_flat/find/mixed,9,6.40056955,0.0133748513,,16,256,511,0.50097847,
Map/string/256/absl_flat/iterate,9,247.567304,0.0153510321,0.967059782,16,256,511,0.50097847,
Map/string/256/absl_node/at/hit,9,6.53929445,0.0216871793,,16,256,511,0.50097847,
Map/string/256/absl_node/contains/hit,9,6.30663922,0.00838842155,,16,256,511,0.50097847,
Map/string/256/absl_node/contains/miss,9,4.88889647,0.00716665503,,16,256,511,0.50097847,
Map/string/256/absl_node/contains/mixed,9,5.82666463,0.0161977172,,16,256,511,0.50097847,
Map/string/256/absl_node/count/hit,9,6.41109744,0.0274066093,,16,256,511,0.50097847,
Map/string/256/absl_node/count/miss,9,4.90366691,0.00328724648,,16,256,511,0.50097847,
Map/string/256/absl_node/count/mixed,9,5.7098777,0.0201537613,,16,256,511,0.50097847,
Map/string/256/absl_node/equal_range/hit,9,10.0255964,0.0203622015,,16,256,511,0.50097847,
Map/string/256/absl_node/equal_range/miss,9,5.24481749,0.00510070635,,16,256,511,0.50097847,
Map/string/256/absl_node/equal_range/mixed,9,8.60557664,0.0231004888,,16,256,511,0.50097847,
Map/string/256/absl_node/find/hit,9,7.67441886,0.0100133704,,16,256,511,0.50097847,
Map/string/256/absl_node/find/miss,9,5.19148996,0.0112246696,,16,256,511,0.50097847,
Map/string/256/absl_node/find/mixed,9,6.4323103,0.00568501814,,16,256,511,0.50097847,
Map/string/256/absl_node/iterate,9,235.813541,0.0188397822,0.921146646,16,256,511,0.50097847,
Map/string/256/limited/at/hit,9,33.086746,0.0290498901,,6184,256,,,
Map/string/256/limited/contains/hit,9,34.1578445,0.0295172562,,6184,256,,,
Map/string/256/limited/contains/miss,9,33.9061514,0.024742994,,6184,256,,,
Map/string/256/limited/contains/mixed,9,35.016916,0.0166686888,,6184,256,,,
Map/string/256/limited/count/hit,9,46.0620322,0.0249207813,,6184,256,,,
Map/string/256/limited/count/miss,9,42.2547168,0.0268882356,,6184,256,,,
Map/string/256/limited/count/mixed,9,44.6646372,0.0344081771,,6184,256,,,
Map/string/256/limited/equal_range/hit,9,46.5758434,0.0419895733,,6184,256,,,
Map/string/256/limited/equal_range/miss,9,43.0585646,0.0247187101,,6184,256,,,
Map/string/256/limited/equal_range/mixed,9,43.8755717,0.0414625656,,6184,256,,,
Map/string/256/limited/find/hit,9,34.9864755,0.0281516901,,6184,256,,,
Map/string/256/limited/find/miss,9,32.6894141,0.0288970317,,6184,256,,,
Map/string/256/limited/find/mixed,9,36.4607319,0.041231655,,6184,256,,,
Map/string/256/limited/iterate,9,118.260429,0.00188478548,0.4619548,6184,256,,,
Map/string/256/linear/at/hit,9,323.562431,0.0834075378,,6144,256,,,
Map/string/256/linear/contains/hit,9,333.206302,0.0323944952,,6144,256,,,
Map/string/256/linear/contains/miss,9,656.929208,0.0596640003,,6144,256,,,
Map/string/256/linear/contains/mixed,9,483.747771,0.0488955542,,6144,256,,,
Map/string/256/linear/count/hit,9,335.061536,0.0466737336,,6144,256,,,
Map/string/256/linear/count/miss,9,641.463612,0.0557157393,,6144,256,,,
Map/string/256/linear/count/mixed,9,482.650574,0.051268268,,6144,256,,,
Map/string/256/linear/equal_range/hit,9,326.913956,0.0838479762,,6144,256,,,
Map/string/256/linear/equal_range/miss,9,610.55519,0.0427806558,,6144,256,,,
Map/string/256/linear/equal_range/mixed,9,484.37927,0.0341822801,,6144,256,,,
Map/string/256/linear/find/hit,9,342.872915,0.0554483728,,6144,256,,,
Map/string/256/linear/find/miss,9,608.141208,0.0466376854,,6144,256,,,
Map/string/256/linear/find/mixed,9,463.57133,0.0444705648,,6144,256,,,
Map/string/256/linear/iterate,9,119.224716,0.0115476315,0.465721547,6144,256,,,
Map/string/256/minimal/at/hit,9,21.6390144,0.0200408551,,10256,256,256,1,3678
Map/string/256/minimal/contains/hit,9,20.032225,0.0123988146,,10256,256,256,1,3678
Map/string/256/minimal/contains/miss,9,17.0741088,0.0225094348,,10256,256,256,1,3678
Map/string/256/minimal/contains/mixed,9,20.5195641,0.022859071,,10256,256,256,1,3678
Map/string/256/minimal/count/hit,9,20.3680124,0.0179923431,,10256,256,256,1,3678
Map/string/256/minimal/count/miss,9,16.7292257,0.0329586383,,10256,256,256,1,3678
Map/string/256/minimal/count/mixed,9,19.6608448,0.0406415478,,10256,256,256,1,3678
Map/string/256/minimal/equal_range/hit,9,20.679026,0.0195371152,,10256,256,256,1,3678
Map/string/256/minimal/equal_range/miss,9,16.3270622,0.0215846602,,10256,256,256,1,3678
Map/string/256/minimal/equal_range/mixed,9,20.3596454,0.0520571338,,10256,256,256,1,3678
Map/string/256/minimal/find/hit,9,20.1531891,0.010329879,,10256,256,256,1,3678
Map/string/256/minimal/find/miss,9,16.1479602,0.0587486271,,10256,256,256,1,3678
Map/string/256/minimal/find/mixed,9,19.4175629,0.0225111841,,10256,256,256,1,3678
Map/string/256/minimal/iterate,9,119.501761,0.0926282944,0.466803752,10256,256,256,1,3678
Map/string/256/minimal_dumbo/at/hit,9,12.9704077,0.010385402,,10256,256,256,1,3314
Map/string/256/minimal_dumbo/contains/hit,9,10.7405756,0.0149457509,,10256,256,256,1,3314
Map/string/256/minimal_dumbo/contains/miss,9,6.38800981,0.0168932564,,10256,256,256,1,3314
Map/string/256/minimal_dumbo/contains/mixed,9,6.63774499,0.025401827,,10256,256,256,1,3314
Map/string/256/minimal_dumbo/count/hit,9,10.6904331,0.0165854122,,10256,256,256,1,3314
Map/string/256/minimal_dumbo/count/miss,9,6.25910637,0.0552625029,,10256,256,256,1,3314
Map/string/256/minimal_dumbo/count/mixed,9,6.66685903,0.0436106551,,10256,256,256,1,3314
Map/string/256/minimal_dumbo/equal_range/hit,9,12.5078625,0.0110113052,,10256,256,256,1,3314
Map/string/256/minimal_dumbo/equal_range/miss,9,6.53002671,0.00667657985,,10256,256,256,1,3314
Map/string/256/minimal_dumbo/equal_range/mixed,9,7.53982775,0.0140987312,,10256,256,256,1,3314
Map/string/256/minimal_dumbo/find/hit,9,11.730955,0.0128945462,,10256,256,256,1,3314
Map/string/256/minimal_dumbo/find/miss,9,6.35429288,0.0132189214,,10256,256,256,1,3314
Map/string/256/minimal_dumbo/find/mixed,9,7.1462974,0.0122616755,,10256,256,256,1,3314
Map/string/256/minimal_dumbo/iterate,9,119.684036,0.0022327676,0.467515765,10256,256,256,1,3314
Map/string/256/minimal_fambo/at/hit,9,13.6514964,0.00961866874,,10256,256,256,1,3415
Map/string/256/minimal_fambo/contains/hit,9,11.4536691,0.0226300357,,10256,256,256,1,3415
Map/string/256/minimal_fambo/contains/miss,9,5.42214715,0.0301946401,,10256,256,256,1,3415
Map/string/256/minimal_fambo/contains/mixed,9,6.27673281,0.0469698729,,10256,256,256,1,3415
Map/string/256/minimal_fambo/count/hit,9,8.69234885,0.0157701496,,10256,256,256,1,3415
Map/string/256/minimal_fambo/count/miss,9,5.57986582,0.0142884813,,10256,256,256,1,3415
Map/string/256/minimal_fambo/count/mixed,9,6.03192863,0.0184378018,,10256,256,256,1,3415
Map/string/256/minimal_fambo/equal_range/hit,9,10.3825572,0.0193172812,,10256,256,256,1,3415
Map/string/256/minimal_fambo/equal_range/miss,9,5.80563669,0.0204592954,,10256,256,256,1,3415
Map/string/256/minimal_fambo/equal_range/mixed,9,6.81740271,0.0347562728,,10256,256,256,1,3415
Map/string/256/minimal_fambo/find/hit,9,10.7154389,0.0298295396,,10256,256,256,1,3415
Map/string/256/minimal_fambo/find/miss,9,5.78123455,0.0216539805,,10256,256,256,1,3415
Map/string/256/minimal_fambo/find/mixed,9,6.83978991,0.0290076077,,10256,256,256,1,3415
Map/string/256/minimal_fambo/iterate,9,119.561471,0.00292726942,0.467036997,10256,256,256,1,3415
Map/string/256/minimal_mumbo/at/hit,9,13.6886964,0.01109907,,10256,256,256,1,4399
Map/string/256/minimal_mumbo/contains/hit,9,12.7615579,0.00500614806,,10256,256,256,1,4399
Map/string/256/minimal_mumbo/contains/miss,9,5.75894791,0.0184509538,,10256,256,256,1,4399
Map/string/256/minimal_mumbo/contains/mixed,9,7.07063922,0.0475156899,,10256,256,256,1,4399
Map/string/256/minimal_mumbo/count/hit,9,8.74151009,0.0265641464,,10256,256,256,1,4399
Map/string/256/minimal_mumbo/count/miss,9,5.83117957,0.0587216763,,10256,256,256,1,4399
Map/string/256/minimal_mumbo/count/mixed,9,6.46015682,0.0170439779,,10256,256,256,1,4399
Map/string/256/minimal_mumbo/equal_range/hit,9,11.3344856,0.0357554374,,10256,256,256,1,4399
Map/string/256/minimal_mumbo/equal_range/miss,9,6.02404316,0.0240970187,,10256,256,256,1,4399
Map/string/256/minimal_mumbo/equal_range/mixed,9,7.07341131,0.0344691468,,10256,256,256,1,4399
Map/string/256/minimal_mumbo/find/hit,9,12.201606,0.0408785789,,10256,256,256,1,4399
Map/string/256/minimal_mumbo/find/miss,9,6.00149051,0.0173372519,,10256,256,256,1,4399
Map/string/256/minimal_mumbo/find/mixed,9,7.02273244,0.0445626574,,10256,256,256,1,4399
Map/string/256/minimal_mumbo/iterate,9,119.610353,0.0280590595,0.467227942,10256,256,256,1,4399
Map/string/256/sparse/at/hit,9,21.4848609,0.0314354922,,11280,256,512,0.5,688
Map/string/256/sparse/contains/hit,9,20.2028908,0.00695028301,,11280,256,512,0.5,688
Map/string/256/sparse/contains/miss,9,10.3476123,0.0670336757,,11280,256,512,0.5,688
Map/string/256/sparse/contains/mixed,9,17.0187252,0.0415370272,,11280,256,512,0.5,688
Map/string/256/sparse/count/hit,9,20.0240776,0.0106852315,,11280,256,512,0.5,688
Map/string/256/sparse/count/miss,9,10.1421602,0.0531479566,,11280,256,512,0.5,688
Map/string/256/sparse/count/mixed,9,17.7440027,0.0504337859,,11280,256,512,0.5,688
Map/string/256/sparse/equal_range/hit,9,20.019078,0.0103870477,,11280,256,512,0.5,688
Map/string/256/sparse/equal_range/miss,9,11.4497092,0.040990615,,11280,256,512,0.5,688
Map/string/256/sparse/equal_range/mixed,9,18.3378599,0.0557773599,,11280,256,512,0.5,688
Map/string/256/sparse/find/hit,9,19.1637485,0.0425534334,,11280,256,512,0.5,688
Map/string/256/sparse/find/miss,9,10.4172665,0.0466433084,,11280,256,512,0.5,688
Map/string/256/sparse/find/mixed,9,18.3104354,0.06134818,,11280,256,512,0.5,688
Map/string/256/sparse/iterate,9,119.958773,0.00301587502,0.468588958,11280,256,512,0.5,688
Map/string/256/sparse_dumbo/at/hit,9,13.1561928,0.0255312042,,11280,256,512,0.5,795
Map/string/256/sparse_dumbo/contains/hit,9,10.7764159,0.0275551246,,11280,256,512,0.5,795
Map/string/256/sparse_dumbo/contains/miss,9,5.60686808,0.00955956652,,11280,256,512,0.5,795
Map/string/256/sparse_dumbo/contains/mixed,9,6.36104211,0.0169188788,,11280,256,512,0.5,795
Map/string/256/sparse_dumbo/count/hit,9,10.9042886,0.0319035237,,11280,256,512,0.5,795
Map/string/256/sparse_dumbo/count/miss,9,5.65832926,0.0160842234,,11280,256,512,0.5,795
Map/string/256/sparse_dumbo/count/mixed,9,6.46649545,0.0145591865,,11280,256,512,0.5,795
Map/string/256/sparse_dumbo/equal_range/hit,9,12.041095,0.0326932894,,11280,256,512,0.5,795
Map/string/256/sparse_dumbo/equal_range/miss,9,5.91893352,0.00729800099,,11280,256,512,0.5,795
Map/string/256/sparse_dumbo/equal_range/mixed,9,7.15252998,0.0158485306,,11280,256,512,0.5,795
Map/string/256/sparse_dumbo/find/hit,9,11.5627256,0.0459450887,,11280,256,512,0.5,795
Map/string/256/sparse_dumbo/find/miss,9,5.78326414,0.0108841806,,11280,256,512,0.5,795
Map/string/256/sparse_dumbo/find/mixed,9,6.92466069,0.0147845177,,11280,256,512,0.5,795
Map/string/256/sparse_dumbo/iterate,9,119.421903,0.010500528,0.466491809,11280,256,512,0.5,795
Map/string/256/sparse_fambo/at/hit,9,14.1811379,0.01740064,,11280,256,512,0.5,711
Map/string/256/sparse_fambo/contains/hit,9,11.4398301,0.0263474002,,11280,256,512,0.5,711
Map/string/256/sparse_fambo/contains/miss,9,5.04758673,0.0142666219,,11280,256,512,0.5,711
Map/string/256/sparse_fambo/contains/mixed,9,5.54180439,0.0285755171,,11280,256,512,0.5,711
Map/string/256/sparse_fambo/count/hit,9,10.1614158,0.0265389123,,11280,256,512,0.5,711
Map/string/256/sparse_fambo/count/miss,9,4.98090123,0.0188928721,,11280,256,512,0.5,711
Map/string/256/sparse_fambo/count/mixed,9,5.57888615,0.0227344195,,11280,256,512,0.5,711
Map/string/256/sparse_fambo/equal_range/hit,9,11.2502539,0.0244504707,,11280,256,512,0.5,711
Map/string/256/sparse_fambo/equal_range/miss,9,5.40858863,0.0133958043,,11280,256,512,0.5,711
Map/string/256/sparse_fambo/equal_range/mixed,9,6.15691104,0.0136676075,,11280,256,512,0.5,711
Map/string/256/sparse_fambo/find/hit,9,10.4867078,0.0299866981,,11280,256,512,0.5,711
Map/string/256/sparse_fambo/find/miss,9,5.27352359,0.0122804088,,11280,256,512,0.5,711
Map/string/256/sparse_fambo/find/mixed,9,6.1189952,0.0173655025,,11280,256,512,0.5,711
Map/string/256/sparse_fambo/iterate,9,119.605157,0.00719043808,0.467207646,11280,256,512,0.5,711
Map/string/256/sparse_mumbo/at/hit,9,14.2801921,0.0181627448,,11280,256,512,0.5,697
Map/string/256/sparse_mumbo/contains/hit,9,12.8485448,0.0249108044,,11280,256,512,0.5,697
Map/string/256/sparse_mumbo/contains/miss,9,5.32769612,0.0483207547,,11280,256,512,0.5,697
Map/string/256/sparse_mumbo/contains/mixed,9,5.99941798,0.0186731222,,11280,256,512,0.5,697
Map/string/256/sparse_mumbo/count/hit,9,10.9207163,0.0416898748,,11280,256,512,0.5,697
Map/string/256/sparse_mumbo/count/miss,9,5.33673092,0.0129184054,,11280,256,512,0.5,697
Map/string/256/sparse_mumbo/count/mixed,9,6.02290258,0.0260660601,,11280,256,512,0.5,697
Map/string/256/sparse_mumbo/equal_range/hit,9,12.323129,0.0211876419,,11280,256,512,0.5,697
Map/string/256/sparse_mumbo/equal_range/miss,9,5.68759892,0.0104192255,,11280,256,512,0.5,697
Map/string/256/sparse_mumbo/equal_range/mixed,9,6.66468213,0.0377120458,,11280,256,512,0.5,697
Map/string/256/sparse_mumbo/find/hit,9,11.3541268,0.0378753703,,11280,256,512,0.5,697
Map/string/256/sparse_mumbo/find/miss,9,5.72855914,0.0151874311,,11280,256,512,0.5,697
Map/string/256/sparse_mumbo/find/mixed,9,6.59800685,0.0299075416,,11280,256,512,0.5,697
Map/string/256/sparse_mumbo/iterate,9,119.727038,0.00543296824,0.467683743,11280,256,512,0.5,697
Map/string/256/std_unordered/at/hit,9,8.59295834,0.0134683198,,40,256,256,1,
Map/string/256/std_unordered/contains/hit,9,8.62174153,0.0206248418,,40,256,256,1,
Map/string/256/std_unordered/contains/miss,9,5.0299658,0.0424048163,,40,256,256,1,
Map/string/256/std_unordered/contains/mixed,9,6.62612567,0.0185978901,,40,256,256,1,
Map/string/256/std_unordered/count/hit,9,8.66253272,0.0239577896,,40,256,256,1,
Map/string/256/std_unordered/count/miss,9,4.93681069,0.0397237504,,40,256,256,1,
Map/string/256/std_unordered/count/mixed,9,6.5029371,0.017558583,,40,256,256,1,
Map/string/256/std_unordered/equal_range/hit,9,8.98526788,0.02003155,,40,256,256,1,
Map/string/256/std_unordered/equal_range/miss,9,5.68440362,0.0432552082,,40,256,256,1,
Map/string/256/std_unordered/equal_range/mixed,9,7.22182306,0.025662227,,40,256,256,1,
Map/string/256/std_unordered/find/hit,9,8.61717391,0.0254683668,,40,256,256,1,
Map/string/256/std_unordered/find/miss,9,4.96187235,0.0151463689,,40,256,256,1,
Map/string/256/std_unordered/find/mixed,9,6.57794164,0.0120877293,,40,256,256,1,
Map/string/256/std_unordered/iterate,9,312.732644,0.0166145476,1.22161189,40,256,256,1,
Map/string/64/absl_flat/at/hit,9,6.65275553,0.01968226,,16,64,127,0.503937006,
Map/string/64/absl_flat/contains/hit,9,6.61607934,0.0185627384,,16,64,127,0.503937006,
Map/string/64/absl_flat/contains/miss,9,4.72474092,0.0207217935,,16,64,127,0.503937006,
Map/string/64/absl_flat/contains/mixed,9,5.81588501,0.0086767802,,16,64,127,0.503937006,
Map/string/64/absl_flat/count/hit,9,6.73244714,0.0145177077,,16,64,127,0.503937006,
Map/string/64/absl_flat/count/miss,9,4.73750044,0.00907251167,,16,64,127,0.503937006,
Map/string/64/absl_flat/count/mixed,9,5.82814379,0.0133849353,,16,64,127,0.503937006,
Map/string/64/absl_flat/equal_range/hit,9,8.43009794,0.0397296801,,16,64,127,0.503937006,
Map/string/64/absl_flat/equal_range/miss,9,5.0602318,0.00751633057,,16,64,127,0.503937006,
Map/string/64/absl_flat/equal_range/mixed,9,7.52220301,0.018549611,,16,64,127,0.503937006,
Map/string/64/absl_flat/find/hit,9,8.06229638,0.0187603213,,16,64,127,0.503937006,
Map/string/64/absl_flat/find/miss,9,4.96100128,0.0181077845,,16,64,127,0.503937006,
Map/string/64/absl_flat/find/mixed,9,6.43871388,0.0309443099,,16,64,127,0.503937006,
Map/string/64/absl_flat/iterate,9,43.8992698,0.0204132582,0.68592609,16,64,127,0.503937006,
Map/string/64/absl_node/at/hit,9,6.85170784,0.05123773,,16,64,127,0.503937006,
Map/string/64/absl_node/contains/hit,9,5.97473852,0.0150250971,,16,64,127,0.503937006,
Map/string/64/absl_node/contains/miss,9,4.42484778,0.0133266653,,16,64,127,0.503937006,
Map/string/64/absl_node/contains/mixed,9,5.26411698,0.0184600653,,16,64,127,0.503937006,
Map/string/64/absl_node/count/hit,9,6.00273338,0.0260962636,,16,64,127,0.503937006,
Map/string/64/absl_node/count/miss,9,4.45276517,0.00688236209,,16,64,127,0.503937006,
Map/string/64/absl_node/count/mixed,9,5.26562989,0.010339021,,16,64,127,0.503937006,
Map/string/64/absl_node/equal_range/hit,9,9.21724318,0.0254033394,,16,64,127,0.503937006,
Map/string/64/absl_node/equal_range/miss,9,4.78097092,0.00616455575,,16,64,127,0.503937006,
Map/string/64/absl_node/equal_range/mixed,9,7.46363872,0.0161848397,,16,64,127,0.503937006,
Map/string/64/absl_node/find/hit,9,6.7651566,0.0537365023,,16,64,127,0.503937006,
Map/string/64/absl_node/find/miss,9,4.69781099,0.014755564,,16,64,127,0.503937006,
Map/string/64/absl_node/find/mixed,9,5.80782829,0.013241471,,16,64,127,0.503937006,
Map/string/64/absl_node/iterate,9,47.0118719,0.0226568186,0.734560499,16,64,127,0.503937006,
Map/string/64/limited/at/hit,9,27.6832429,0.0406499218,,1576,64,,,
Map/string/64/limited/contains/hit,9,27.9317158,0.0361469044,,1576,64,,,
Map/string/64/limited/contains/miss,9,27.0377734,0.0322634069,,1576,64,,,
Map/string/64/limited/contains/mixed,9,27.8067857,0.033328527,,1576,64,,,
Map/string/64/limited/count/hit,9,37.5137745,0.0320327084,,1576,64,,,
Map/string/64/limited/count/miss,9,34.9882403,0.03828869,,1576,64,,,
Map/string/64/limited/count/mixed,9,36.2272181,0.0346223589,,1576,64,,,
Map/string/64/limited/equal_range/hit,9,37.122664,0.0290798256,,1576,64,,,
Map/string/64/limited/equal_range/miss,9,35.6621637,0.0126245679,,1576,64,,,
Map/string/64/limited/equal_range/mixed,9,35.7796267,0.031681298,,1576,64,,,
Map/string/64/limited/find/hit,9,27.7243878,0.0462256433,,1576,64,,,
Map/string/64/limited/find/miss,9,26.666516,0.0146555315,,1576,64,,,
Map/string/64/limited/find/mixed,9,28.029331,0.0315378474,,1576,64,,,
Map/string/64/limited/iterate,9,30.0812738,0.00562926359,0.470019903,1576,64,,,
Map/string/64/linear/at/hit,9,99.2762667,0.0378023635,,1536,64,,,
Map/string/64/linear/contains/hit,9,100.251518,0.0274958932,,1536,64,,,
Map/string/64/linear/contains/miss,9,185.411932,0.0390758171,,1536,64,,,
Map/string/64/linear/contains/mixed,9,137.750864,0.0380011304,,1536,64,,,
Map/string/64/linear/count/hit,9,96.1384095,0.0395318868,,1536,64,,,
Map/string/64/linear/count/miss,9,186.083667,0.0432967768,,1536,64,,,
Map/string/64/linear/count/mixed,9,140.120223,0.0420201832,,1536,64,,,
Map/string/64/linear/equal_range/hit,9,101.376392,0.0404773125,,1536,64,,,
Map/string/64/linear/equal_range/miss,9,176.41576,0.0464670187,,1536,64,,,
Map/string/64/linear/equal_range/mixed,9,145.286864,0.030735159,,1536,64,,,
Map/string/64/linear/find/hit,9,100.753289,0.0316183947,,1536,64,,,
Map/string/64/linear/find/miss,9,182.558383,0.0377852313,,1536,64,,,
Map/string/64/linear/find/mixed,9,143.297376,0.0348665184,,1536,64,,,
Map/string/64/linear/iterate,9,29.2809442,0.0185656446,0.457514753,1536,64,,,
Map/string/64/minimal/at/hit,9,20.8790083,0.00922702983,,2576,64,64,1,437
Map/string/64/minimal/contains/hit,9,17.1803909,0.0170819337,,2576,64,64,1,437
Map/string/64/minimal/contains/miss,9,9.9300632,0.016614597,,2576,64,64,1,437
Map/string/64/minimal/contains/mixed,9,13.3127701,0.0147277827,,2576,64,64,1,437
Map/string/64/minimal/count/hit,9,17.0652119,0.00795724657,,2576,64,64,1,437
Map/string/64/minimal/count/miss,9,10.0936069,0.0301966109,,2576,64,64,1,437
Map/string/64/minimal/count/mixed,9,13.4146509,0.0145421422,,2576,64,64,1,437
Map/string/64/minimal/equal_range/hit,9,18.3488799,0.0190076663,,2576,64,64,1,437
Map/string/64/minimal/equal_range/miss,9,11.1892382,0.0380146739,,2576,64,64,1,437
Map/string/64/minimal/equal_range/mixed,9,14.2309911,0.00992599122,,2576,64,64,1,437
Map/string/64/minimal/find/hit,9,17.9113383,0.0177152445,,2576,64,64,1,437
Map/string/64/minimal/find/miss,9,10.319879,0.0270035418,,2576,64,64,1,437
Map/string/64/minimal/find/mixed,9,13.6845431,0.0158626135,,2576,64,64,1,437
Map/string/64/minimal/iterate,9,29.3501122,0.0281834377,0.458595502,2576,64,64,1,437
Map/string/64/minimal_dumbo/at/hit,9,10.7785999,0.0348909327,,2576,64,64,1,438
Map/string/64/minimal_dumbo/contains/hit,9,7.75382421,0.0279930187,,2576,64,64,1,438
Map/string/64/minimal_dumbo/contains/miss,9,6.49521725,0.00454606518,,2576,64,64,1,438
Map/string/64/minimal_dumbo/contains/mixed,9,6.92316374,0.00455758913,,2576,64,64,1,438
Map/string/64/minimal_dumbo/count/hit,9,7.46886462,0.0516621559,,2576,64,64,1,438
Map/string/64/minimal_dumbo/count/miss,9,6.54209277,0.0294049105,,2576,64,64,1,438
Map/string/64/minimal_dumbo/count/mixed,9,6.67715367,0.0226921665,,2576,64,64,1,438
Map/string/64/minimal_dumbo/equal_range/hit,9,9.42867598,0.0271153772,,2576,64,64,1,438
Map/string/64/minimal_dumbo/equal_range/miss,9,6.65851048,0.00910075422,,2576,64,64,1,438
Map/string/64/minimal_dumbo/equal_range/mixed,9,7.61247781,0.0217779689,,2576,64,64,1,438
Map/string/64/minimal_dumbo/find/hit,9,8.95351289,0.0487396553,,2576,64,64,1,438
Map/string/64/minimal_dumbo/find/miss,9,6.58056867,0.0086711099,,2576,64,64,1,438
Map/string/64/minimal_dumbo/find/mixed,9,7.19195434,0.00998457186,,2576,64,64,1,438
Map/string/64/minimal_dumbo/iterate,9,29.6747,0.0066356995,0.463667187,2576,64,64,1,438
Map/string/64/minimal_fambo/at/hit,9,13.2450935,0.122544616,,2576,64,64,1,288
Map/string/64/minimal_fambo/contains/hit,9,8.83853138,0.0766740866,,2576,64,64,1,288
Map/string/64/minimal_fambo/contains/miss,9,5.58190259,0.0277385918,,2576,64,64,1,288
Map/string/64/minimal_fambo/contains/mixed,9,5.86268186,0.0333812035,,2576,64,64,1,288
Map/string/64/minimal_fambo/count/hit,9,6.87894323,0.00655539073,,2576,64,64,1,288
Map/string/64/minimal_fambo/count/miss,9,5.58665984,0.0184418849,,2576,64,64,1,288
Map/string/64/minimal_fambo/count/mixed,9,5.72554187,0.0174140586,,2576,64,64,1,288
Map/string/64/minimal_fambo/equal_range/hit,9,8.17561408,0.0171810821,,2576,64,64,1,288
Map/string/64/minimal_fambo/equal_range/miss,9,5.91924229,0.0228620973,,2576,64,64,1,288
Map/string/64/minimal_fambo/equal_range/mixed,9,6.3272679,0.0195369576,,2576,64,64,1,288
Map/string/64/minimal_fambo/find/hit,9,7.67556057,0.0139866766,,2576,64,64,1,288
Map/string/64/minimal_fambo/find/miss,9,5.99155803,0.00824224456,,2576,64,64,1,288
Map/string/64/minimal_fambo/find/mixed,9,6.39678707,0.0385566681,,2576,64,64,1,288
Map/string/64/minimal_fambo/iterate,9,29.7983052,0.00631858516,0.465598518,2576,64,64,1,288
Map/string/64/minimal_mumbo/at/hit,9,13.952463,0.014745794,,2576,64,64,1,417
Map/string/64/minimal_mumbo/contains/hit,9,8.29872567,0.0597552513,,2576,64,64,1,417
Map/string/64/minimal_mumbo/contains/miss,9,5.8843055,0.0253532557,,2576,64,64,1,417
Map/string/64/minimal_mumbo/contains/mixed,9,6.7459197,0.0249848401,,2576,64,64,1,417
Map/string/64/minimal_mumbo/count/hit,9,6.45752279,0.0280008229,,2576,64,64,1,417
Map/string/64/minimal_mumbo/count/miss,9,5.85970412,0.022130302,,2576,64,64,1,417
Map/string/64/minimal_mumbo/count/mixed,9,6.29601538,0.0463714043,,2576,64,64,1,417
Map/string/64/minimal_mumbo/equal_range/hit,9,7.91457893,0.0294936017,,2576,64,64,1,417
Map/string/64/minimal_mumbo/equal_range/miss,9,6.18556914,0.0205281199,,2576,64,64,1,417
Map/string/64/minimal_mumbo/equal_range/mixed,9,7.18913163,0.0434897411,,2576,64,64,1,417
Map/string/64/minimal_mumbo/find/hit,9,7.25662802,0.0416428222,,2576,64,64,1,417
Map/string/64/minimal_mumbo/find/miss,9,6.23983849,0.00776105218,,2576,64,64,1,417
Map/string/64/minimal_mumbo/find/mixed,9,7.84010218,0.0571488379,,2576,64,64,1,417
Map/string/64/minimal_mumbo/iterate,9,30.0443228,0.0840952327,0.469442543,2576,64,64,1,417
Map/string/64/sparse/at/hit,9,19.8776243,0.02720757,,2832,64,128,0.5,170
Map/string/64/sparse/contains/hit,9,18.0335679,0.0255320041,,2832,64,128,0.5,170
Map/string/64/sparse/contains/miss,9,9.4920842,0.0128511447,,2832,64,128,0.5,170
Map/string/64/sparse/contains/mixed,9,10.8974938,0.0432549745,,2832,64,128,0.5,170
Map/string/64/sparse/count/hit,9,18.9204636,0.0149963523,,2832,64,128,0.5,170
Map/string/64/sparse/count/miss,9,9.63225208,0.0113184688,,2832,64,128,0.5,170
Map/string/64/sparse/count/mixed,9,10.8940019,0.0298296162,,2832,64,128,0.5,170
Map/string/64/sparse/equal_range/hit,9,19.4027636,0.0237873961,,2832,64,128,0.5,170
Map/string/64/sparse/equal_range/miss,9,10.3752347,0.0115521548,,2832,64,128,0.5,170
Map/string/64/sparse/equal_range/mixed,9,12.1006363,0.0210087438,,2832,64,128,0.5,170
Map/string/64/sparse/find/hit,9,18.7779666,0.0164161832,,2832,64,128,0.5,170
Map/string/64/sparse/find/miss,9,9.7095743,0.0280638974,,2832,64,128,0.5,170
Map/string/64/sparse/find/mixed,9,11.1560915,0.0522846535,,2832,64,128,0.5,170
Map/string/64/sparse/iterate,9,35.7705193,0.016321301,0.558914364,2832,64,128,0.5,170
Map/string/64/sparse_dumbo/at/hit,9,11.083002,0.017916966,,2832,64,128,0.5,173
Map/string/64/sparse_dumbo/contains/hit,9,7.9782739,0.0369971449,,2832,64,128,0.5,173
Map/string/64/sparse_dumbo/contains/miss,9,6.01167215,0.00423383418,,2832,64,128,0.5,173
Map/string/64/sparse_dumbo/contains/mixed,9,6.42769621,0.0145349612,,2832,64,128,0.5,173
Map/string/64/sparse_dumbo/count/hit,9,7.57534079,0.0412160604,,2832,64,128,0.5,173
Map/string/64/sparse_dumbo/count/miss,9,6.0193685,0.0100788849,,2832,64,128,0.5,173
Map/string/64/sparse_dumbo/count/mixed,9,6.5184268,0.0149773399,,2832,64,128,0.5,173
Map/string/64/sparse_dumbo/equal_range/hit,9,9.90335871,0.0439813101,,2832,64,128,0.5,173
Map/string/64/sparse_dumbo/equal_range/miss,9,6.24216872,0.0865980167,,2832,64,128,0.5,173
Map/string/64/sparse_dumbo/equal_range/mixed,9,7.2554958,0.0191709075,,2832,64,128,0.5,173
Map/string/64/sparse_dumbo/find/hit,9,9.25460234,0.0659376572,,2832,64,128,0.5,173
Map/string/64/sparse_dumbo/find/miss,9,6.1580058,0.00675234152,,2832,64,128,0.5,173
Map/string/64/sparse_dumbo/find/mixed,9,6.9107035,0.0127867843,,2832,64,128,0.5,173
Map/string/64/sparse_dumbo/iterate,9,29.3233846,0.0282866826,0.458177885,2832,64,128,0.5,173
Map/string/64/sparse_fambo/at/hit,9,10.1782432,0.0247413061,,2832,64,128,0.5,165
Map/string/64/sparse_fambo/contains/hit,9,6.81992332,0.00970117696,,2832,64,128,0.5,165
Map/string/64/sparse_fambo/contains/miss,9,5.1669126,0.00651643718,,2832,64,128,0.5,165
Map/string/64/sparse_fambo/contains/mixed,9,5.45334784,0.0199850942,,2832,64,128,0.5,165
Map/string/64/sparse_fambo/count/hit,9,6.94878812,0.0271061238,,2832,64,128,0.5,165
Map/string/64/sparse_fambo/count/miss,9,5.1964517,0.123210436,,2832,64,128,0.5,165
Map/string/64/sparse_fambo/count/mixed,9,5.49583832,0.020425209,,2832,64,128,0.5,165
Map/string/64/sparse_fambo/equal_range/hit,9,8.03156501,0.0326942417,,2832,64,128,0.5,165
Map/string/64/sparse_fambo/equal_range/miss,9,5.49855568,0.0157891044,,2832,64,128,0.5,165
Map/string/64/sparse_fambo/equal_range/mixed,9,6.25148341,0.022449482,,2832,64,128,0.5,165
Map/string/64/sparse_fambo/find/hit,9,7.67394466,0.0225052207,,2832,64,128,0.5,165
Map/string/64/sparse_fambo/find/miss,9,5.57374831,0.0166757084,,2832,64,128,0.5,165
Map/string/64/sparse_fambo/find/mixed,9,5.96555516,0.0232782164,,2832,64,128,0.5,165
Map/string/64/sparse_fambo/iterate,9,29.3830441,0.00842183628,0.459110064,2832,64,128,0.5,165
Map/string/64/sparse_mumbo/at/hit,9,10.5981529,0.0251290556,,2832,64,128,0.5,173
Map/string/64/sparse_mumbo/contains/hit,9,6.33004642,0.00968066877,,2832,64,128,0.5,173
Map/string/64/sparse_mumbo/contains/miss,9,5.45776461,0.0173332877,,2832,64,128,0.5,173
Map/string/64/sparse_mumbo/contains/mixed,9,5.94010389,0.01652194,,2832,64,128,0.5,173
Map/string/64/sparse_mumbo/count/hit,9,6.61462577,0.0184932126,,2832,64,128,0.5,173
Map/string/64/sparse_mumbo/count/miss,9,5.65649553,0.0196333429,,2832,64,128,0.5,173
Map/string/64/sparse_mumbo/count/mixed,9,5.98081722,0.00926582204,,2832,64,128,0.5,173
Map/string/64/sparse_mumbo/equal_range/hit,9,7.89269827,0.0208798778,,2832,64,128,0.5,173
Map/string/64/sparse_mumbo/equal_range/miss,9,5.99644423,0.0139725593,,2832,64,128,0.5,173
Map/string/64/sparse_mumbo/equal_range/mixed,9,6.57184635,0.0237797774,,2832,64,128,0.5,173
Map/string/64/sparse_mumbo/find/hit,9,7.40406251,0.0262562639,,2832,64,128,0.5,173
Map/string/64/sparse_mumbo/find/miss,9,5.85418253,0.0132343311,,2832,64,128,0.5,173
Map/string/64/sparse_mumbo/find/mixed,9,6.55825587,0.0194140459,,2832,64,128,0.5,173
Map/string/64/sparse_mumbo/iterate,9,29.4281793,0.00902966056,0.459815302,2832,64,128,0.5,173
Map/string/64/std_unordered/at/hit,9,7.40964418,0.0299043143,,40,64,64,1,
Map/string/64/std_unordered/contains/hit,9,7.47773231,0.0509958646,,40,64,64,1,
Map/string/64/std_unordered/contains/miss,9,4.96426245,0.0380528839,,40,64,64,1,
Map/string/64/std_unordered/contains/mixed,9,5.98422251,0.0238888454,,40,64,64,1,
Map/string/64/std_unordered/count/hit,9,7.64262922,0.0349942363,,40,64,64,1,
Map/string/64/std_unordered/count/miss,9,4.80903175,0.0401802701,,40,64,64,1,
Map/string/64/std_unordered/count/mixed,9,6.1015691,0.0781510734,,40,64,64,1,
Map/string/64/std_unordered/equal_range/hit,9,7.8202399,0.0117696589,,40,64,64,1,
Map/string/64/std_unordered/equal_range/miss,9,5.52121168,0.0381042029,,40,64,64,1,
Map/string/64/std_unordered/equal_range/mixed,9,6.58504427,0.014133339,,40,64,64,1,
Map/string/64/std_unordered/find/hit,9,7.55462853,0.0232126713,,40,64,64,1,
Map/string/64/std_unordered/find/miss,9,4.8867669,0.029837848,,40,64,64,1,
Map/string/64/std_unordered/find/mixed,9,6.13826928,0.0231229861,,40,64,64,1,
Map/string/64/std_unordered/iterate,9,64.7822425,0.00191870188,1.01222254,40,64,64,1,
Map/string/8/absl_flat/at/hit,9,5.92052416,0.0132216637,,16,8,15,0.533333361,
Map/string/8/absl_flat/contains/hit,9,5.91353012,0.00907790664,,16,8,15,0.533333361,
Map/string/8/absl_flat/contains/miss,9,4.54625754,0.0218494828,,16,8,15,0.533333361,
Map/string/8/absl_flat/contains/mixed,9,6.54003723,0.00690817582,,16,8,15,0.533333361,
Map/string/8/absl_flat/count/hit,9,5.9787319,0.0853167554,,16,8,15,0.533333361,
Map/string/8/absl_flat/count/miss,9,4.51944017,0.0218171726,,16,8,15,0.533333361,
Map/string/8/absl_flat/count/mixed,9,6.50133411,0.0153472166,,16,8,15,0.533333361,
Map/string/8/absl_flat/equal_range/hit,9,7.37310922,0.0333538164,,16,8,15,0.533333361,
Map/string/8/absl_flat/equal_range/miss,9,4.89158981,0.0229240865,,16,8,15,0.533333361,
Map/string/8/absl_flat/equal_range/mixed,9,6.10759073,0.0139949751,,16,8,15,0.533333361,
Map/string/8/absl_flat/find/hit,9,6.54560599,0.0697960327,,16,8,15,0.533333361,
Map/string/8/absl_flat/find/miss,9,4.69257909,0.0164323277,,16,8,15,0.533333361,
Map/string/8/absl_flat/find/mixed,9,7.09474155,0.023229324,,16,8,15,0.533333361,
Map/string/8/absl_flat/iterate,9,5.64811385,0.0891744095,0.706014231,16,8,15,0.533333361,
Map/string/8/absl_node/at/hit,9,6.64992987,0.0444608685,,16,8,15,0.533333361,
Map/string/8/absl_node/contains/hit,9,6.59800078,0.0161670065,,16,8,15,0.533333361,
Map/string/8/absl_node/contains/miss,9,4.94501349,0.0140717422,,16,8,15,0.533333361,
Map/string/8/absl_node/contains/mixed,9,5.99125891,0.0156241534,,16,8,15,0.533333361,
Map/string/8/absl_node/count/hit,9,6.51718034,0.0149642799,,16,8,15,0.533333361,
Map/string/8/absl_node/count/miss,9,4.87243521,0.0114814988,,16,8,15,0.533333361,
Map/string/8/absl_node/count/mixed,9,6.11474506,0.0105625748,,16,8,15,0.533333361,
Map/string/8/absl_node/equal_range/hit,9,7.88111528,0.0251361008,,16,8,15,0.533333361,
Map/string/8/absl_node/equal_range/miss,9,5.24845302,0.0208915502,,16,8,15,0.533333361,
Map/string/8/absl_node/equal_range/mixed,9,6.45127081,0.0219571655,,16,8,15,0.533333361,
Map/string/8/absl_node/find/hit,9,7.55999274,0.0162575235,,16,8,15,0.533333361,
Map/string/8/absl_node/find/miss,9,4.9247999,0.0171164863,,16,8,15,0.533333361,
Map/string/8/absl_node/find/mixed,9,6.64366964,0.0371196086,,16,8,15,0.533333361,
Map/string/8/absl_node/iterate,9,5.12680394,0.00477084383,0.640850493,16,8,15,0.533333361,
Map/string/8/limited/at/hit,9,19.318411,0.0377703788,,232,8,,,
Map/string/8/limited/contains/hit,9,18.6021659,0.0379259218,,232,8,,,
Map/string/8/limited/contains/miss,9,18.9049814,0.0468848285,,232,8,,,
Map/string/8/limited/contains/mixed,9,19.6063096,0.032827982,,232,8,,,
Map/string/8/limited/count/hit,9,23.0515928,0.0262240048,,232,8,,,
Map/string/8/limited/count/miss,9,20.4357013,0.028451943,,232,8,,,
Map/string/8/limited/count/mixed,9,22.27436,0.0155040513,,232,8,,,
Map/string/8/limited/equal_range/hit,9,23.6188505,0.0346317591,,232,8,,,
Map/string/8/limited/equal_range/miss,9,20.0336246,0.025812635,,232,8,,,
Map/string/8/limited/equal_range/mixed,9,21.8018413,0.0326590293,,232,8,,,
Map/string/8/limited/find/hit,9,19.2108909,0.0237245043,,232,8,,,
Map/string/8/limited/find/miss,9,19.3313775,0.0313592786,,232,8,,,
Map/string/8/limited/find/mixed,9,19.7637571,0.0207072277,,232,8,,,
Map/string/8/limited/iterate,9,3.7881668,0.0487205852,0.47352085,232,8,,,
Map/string/8/linear/at/hit,9,15.0467807,0.024603198,,192,8,,,
Map/string/8/linear/contains/hit,9,15.3139224,0.0452563141,,192,8,,,
Map/string/8/linear/contains/miss,9,26.1628805,0.0371703109,,192,8,,,
Map/string/8/linear/contains/mixed,9,21.6516633,0.072460998,,192,8,,,
Map/string/8/linear/count/hit,9,14.953287,0.0202273985,,192,8,,,
Map/string/8/linear/count/miss,9,26.674646,0.0273315254,,192,8,,,
Map/string/8/linear/count/mixed,9,21.4285099,0.0292402289,,192,8,,,
Map/string/8/linear/equal_range/hit,9,15.8084074,0.0265546714,,192,8,,,
Map/string/8/linear/equal_range/miss,9,27.0570798,0.0503622214,,192,8,,,
Map/string/8/linear/equal_range/mixed,9,21.8048079,0.0319853307,,192,8,,,
Map/string/8/linear/find/hit,9,15.4526047,0.0282185828,,192,8,,,
Map/string/8/linear/find/miss,9,27.3667502,0.0119127114,,192,8,,,
Map/string/8/linear/find/mixed,9,21.6306478,0.0513281237,,192,8,,,
Map/string/8/linear/iterate,9,3.77319984,0.00165313965,0.47164998,192,8,,,
Map/string/8/minimal/at/hit,9,12.8214309,0.0209859817,,336,8,8,1,35
Map/string/8/minimal/contains/hit,9,10.1898945,0.00870203941,,336,8,8,1,35
Map/string/8/minimal/contains/miss,9,9.89028801,0.0273920196,,336,8,8,1,35
Map/string/8/minimal/contains/mixed,9,10.2836272,0.00944818236,,336,8,8,1,35
Map/string/8/minimal/count/hit,9,10.206593,0.0191286233,,336,8,8,1,35
Map/string/8/minimal/count/miss,9,10.1720849,0.0117800521,,336,8,8,1,35
Map/string/8/minimal/count/mixed,9,10.5943632,0.0084039861,,336,8,8,1,35
Map/string/8/minimal/equal_range/hit,9,11.194414,0.0217645395,,336,8,8,1,35
Map/string/8/minimal/equal_range/miss,9,11.0722001,0.0152791775,,336,8,8,1,35
Map/string/8/minimal/equal_range/mixed,9,12.2790724,0.0132745458,,336,8,8,1,35
Map/string/8/minimal/find/hit,9,10.5717822,0.00756418236,,336,8,8,1,35
Map/string/8/minimal/find/miss,9,9.80846235,0.0110173273,,336,8,8,1,35
Map/string/8/minimal/find/mixed,9,11.1227912,0.00440861237,,336,8,8,1,35
Map/string/8/minimal/iterate,9,3.81756375,0.0353071965,0.477195469,336,8,8,1,35
Map/string/8/minimal_dumbo/at/hit,9,7.78597655,0.0281816242,,336,8,8,1,33
Map/string/8/minimal_dumbo/contains/hit,9,6.97993891,0.0102389663,,336,8,8,1,33
Map/string/8/minimal_dumbo/contains/miss,9,6.44471632,0.0190216916,,336,8,8,1,33
Map/string/8/minimal_dumbo/contains/mixed,9,6.5532449,0.00757236593,,336,8,8,1,33
Map/string/8/minimal_dumbo/count/hit,9,7.15994776,0.0103702652,,336,8,8,1,33
Map/string/8/minimal_dumbo/count/miss,9,6.55090842,0.0149710466,,336,8,8,1,33
Map/string/8/minimal_dumbo/count/mixed,9,6.43364968,0.00524444864,,336,8,8,1,33
Map/string/8/minimal_dumbo/equal_range/hit,9,8.22569715,0.021362978,,336,8,8,1,33
Map/string/8/minimal_dumbo/equal_range/miss,9,6.88808036,0.0196165996,,336,8,8,1,33
Map/string/8/minimal_dumbo/equal_range/mixed,9,7.18988858,0.0105597959,,336,8,8,1,33
Map/string/8/minimal_dumbo/find/hit,9,7.61598154,0.00798954312,,336,8,8,1,33
Map/string/8/minimal_dumbo/find/miss,9,6.52510056,0.0228195014,,336,8,8,1,33
Map/string/8/minimal_dumbo/find/mixed,9,7.00751961,0.00956473761,,336,8,8,1,33
Map/string/8/minimal_dumbo/iterate,9,3.80236606,0.0049463988,0.475295758,336,8,8,1,33
Map/string/8/minimal_fambo/at/hit,9,7.6941554,0.0233568801,,336,8,8,1,29
Map/string/8/minimal_fambo/contains/hit,9,5.70110891,0.0120464219,,336,8,8,1,29
Map/string/8/minimal_fambo/contains/miss,9,5.65898305,0.0194873453,,336,8,8,1,29
Map/string/8/minimal_fambo/contains/mixed,9,5.85882019,0.0138467635,,336,8,8,1,29
Map/string/8/minimal_fambo/count/hit,9,6.15434964,0.0252223617,,336,8,8,1,29
Map/string/8/minimal_fambo/count/miss,9,5.6349368,0.0141904824,,336,8,8,1,29
Map/string/8/minimal_fambo/count/mixed,9,5.81170932,0.00807783987,,336,8,8,1,29
Map/string/8/minimal_fambo/equal_range/hit,9,7.16804767,0.0227091794,,336,8,8,1,29
Map/string/8/minimal_fambo/equal_range/miss,9,5.93994699,0.011233517,,336,8,8,1,29
Map/string/8/minimal_fambo/equal_range/mixed,9,6.55208683,0.0104201104,,336,8,8,1,29
Map/string/8/minimal_fambo/find/hit,9,6.6983508,0.0231130146,,336,8,8,1,29
Map/string/8/minimal_fambo/find/miss,9,5.85622679,0.0260281718,,336,8,8,1,29
Map/string/8/minimal_fambo/find/mixed,9,6.55855013,0.0283723573,,336,8,8,1,29
Map/string/8/minimal_fambo/iterate,9,3.77724559,0.00642834068,0.472155699,336,8,8,1,29
Map/string/8/minimal_mumbo/at/hit,9,10.0360773,0.0525179618,,336,8,8,1,58
Map/string/8/minimal_mumbo/contains/hit,9,6.27706401,0.00803141298,,336,8,8,1,58
Map/string/8/minimal_mumbo/contains/miss,9,6.1736182,0.00894454329,,336,8,8,1,58
Map/string/8/minimal_mumbo/contains/mixed,9,6.02608064,0.0146535417,,336,8,8,1,58
Map/string/8/minimal_mumbo/count/hit,9,6.24534326,0.0102280106,,336,8,8,1,58
Map/string/8/minimal_mumbo/count/miss,9,6.22063596,0.0111448027,,336,8,8,1,58
Map/string/8/minimal_mumbo/count/mixed,9,6.00971359,0.0188842607,,336,8,8,1,58
Map/string/8/minimal_mumbo/equal_range/hit,9,7.778505,0.00728434794,,336,8,8,1,58
Map/string/8/minimal_mumbo/equal_range/miss,9,6.37222877,0.0153309793,,336,8,8,1,58
Map/string/8/minimal_mumbo/equal_range/mixed,9,6.63589484,0.0124403101,,336,8,8,1,58
Map/string/8/minimal_mumbo/find/hit,9,6.95627731,0.0113873317,,336,8,8,1,58
Map/string/8/minimal_mumbo/find/miss,9,6.38460522,0.0186837188,,336,8,8,1,58
Map/string/8/minimal_mumbo/find/mixed,9,6.59479546,0.023695833,,336,8,8,1,58
Map/string/8/minimal_mumbo/iterate,9,3.79138442,0.0752972148,0.473923053,336,8,8,1,58
Map/string/8/sparse/at/hit,9,12.5634942,0.0136215978,,368,8,16,0.5,24
Map/string/8/sparse/contains/hit,9,10.312153,0.0171435111,,368,8,16,0.5,24
Map/string/8/sparse/contains/miss,9,9.14001774,0.00954277157,,368,8,16,0.5,24
Map/string/8/sparse/contains/mixed,9,9.95721234,0.00613027326,,368,8,16,0.5,24
Map/string/8/sparse/count/hit,9,10.2686737,0.0102807915,,368,8,16,0.5,24
Map/string/8/sparse/count/miss,9,9.21991336,0.0104555243,,368,8,16,0.5,24
Map/string/8/sparse/count/mixed,9,9.89966361,0.0135558147,,368,8,16,0.5,24
Map/string/8/sparse/equal_range/hit,9,11.308911,0.0189421565,,368,8,16,0.5,24
Map/string/8/sparse/equal_range/miss,9,9.73546688,0.0129713105,,368,8,16,0.5,24
Map/string/8/sparse/equal_range/mixed,9,11.140684,0.0119394081,,368,8,16,0.5,24
Map/string/8/sparse/find/hit,9,10.7058742,0.0167062311,,368,8,16,0.5,24
Map/string/8/sparse/find/miss,9,9.3674837,0.0398983952,,368,8,16,0.5,24
Map/string/8/sparse/find/mixed,9,10.2913667,0.00983550014,,368,8,16,0.5,24
Map/string/8/sparse/iterate,9,3.78378625,0.00471274972,0.472973282,368,8,16,0.5,24
Map/string/8/sparse_dumbo/at/hit,9,7.73821793,0.0108540937,,368,8,16,0.5,26
Map/string/8/sparse_dumbo/contains/hit,9,7.20710926,0.00465431244,,368,8,16,0.5,26
Map/string/8/sparse_dumbo/contains/miss,9,6.11344132,0.0338623623,,368,8,16,0.5,26
Map/string/8/sparse_dumbo/contains/mixed,9,6.34082751,0.0163935417,,368,8,16,0.5,26
Map/string/8/sparse_dumbo/count/hit,9,7.33636938,0.00836184646,,368,8,16,0.5,26
Map/string/8/sparse_dumbo/count/miss,9,5.97462735,0.0249482215,,368,8,16,0.5,26
Map/string/8/sparse_dumbo/count/mixed,9,6.27701539,0.0102953538,,368,8,16,0.5,26
Map/string/8/sparse_dumbo/equal_range/hit,9,8.57873809,0.0117356426,,368,8,16,0.5,26
Map/string/8/sparse_dumbo/equal_range/miss,9,6.37513271,0.0136018342,,368,8,16,0.5,26
Map/string/8/sparse_dumbo/equal_range/mixed,9,7.14220408,0.0258755155,,368,8,16,0.5,26
Map/string/8/sparse_dumbo/find/hit,9,7.78189676,0.0171736709,,368,8,16,0.5,26
Map/string/8/sparse_dumbo/find/miss,9,6.48641733,0.015998497,,368,8,16,0.5,26
Map/string/8/sparse_dumbo/find/mixed,9,6.78188839,0.0130408886,,368,8,16,0.5,26
Map/string/8/sparse_dumbo/iterate,9,3.77784004,0.0026949573,0.472230005,368,8,16,0.5,26
Map/string/8/sparse_fambo/at/hit,9,7.68501269,0.00749598724,,368,8,16,0.5,20
Map/string/8/sparse_fambo/contains/hit,9,5.6635551,0.0172838122,,368,8,16,0.5,20
Map/string/8/sparse_fambo/contains/miss,9,4.62857197,0.0179171958,,368,8,16,0.5,20
Map/string/8/sparse_fambo/contains/mixed,9,5.26027292,0.0164759619,,368,8,16,0.5,20
Map/string/8/sparse_fambo/count/hit,9,5.77563136,0.0106309942,,368,8,16,0.5,20
Map/string/8/sparse_fambo/count/miss,9,4.46009471,0.0155833838,,368,8,16,0.5,20
Map/string/8/sparse_fambo/count/mixed,9,5.26195187,0.0262767862,,368,8,16,0.5,20
Map/string/8/sparse_fambo/equal_range/hit,9,7.13705335,0.018892918,,368,8,16,0.5,20
Map/string/8/sparse_fambo/equal_range/miss,9,4.82476306,0.0291493223,,368,8,16,0.5,20
Map/string/8/sparse_fambo/equal_range/mixed,9,5.90671074,0.0133640475,,368,8,16,0.5,20
Map/string/8/sparse_fambo/find/hit,9,6.59932415,0.0262249823,,368,8,16,0.5,20
Map/string/8/sparse_fambo/find/miss,9,4.9097298,0.0168643026,,368,8,16,0.5,20
Map/string/8/sparse_fambo/find/mixed,9,5.98027558,0.0224626632,,368,8,16,0.5,20
Map/string/8/sparse_fambo/iterate,9,3.79183516,0.00296604523,0.473979395,368,8,16,0.5,20
Map/string/8/sparse_mumbo/at/hit,9,10.3954153,0.012837644,,368,8,16,0.5,28
Map/string/8/sparse_mumbo/contains/hit,9,6.32003055,0.0125854432,,368,8,16,0.5,28
Map/string/8/sparse_mumbo/contains/miss,9,3.89603015,0.01685632,,368,8,16,0.5,28
Map/string/8/sparse_mumbo/contains/mixed,9,5.17896884,0.0194558299,,368,8,16,0.5,28
Map/string/8/sparse_mumbo/count/hit,9,6.29217838,0.00879951158,,368,8,16,0.5,28
Map/string/8/sparse_mumbo/count/miss,9,3.94066842,0.0260976555,,368,8,16,0.5,28
Map/string/8/sparse_mumbo/count/mixed,9,5.03172063,0.0119936262,,368,8,16,0.5,28
Map/string/8/sparse_mumbo/equal_range/hit,9,7.83898666,0.0154479924,,368,8,16,0.5,28
Map/string/8/sparse_mumbo/equal_range/miss,9,4.34355448,0.0132314646,,368,8,16,0.5,28
Map/string/8/sparse_mumbo/equal_range/mixed,9,5.67810088,0.00829331694,,368,8,16,0.5,28
Map/string/8/sparse_mumbo/find/hit,9,6.98067352,0.01017401,,368,8,16,0.5,28
Map/string/8/sparse_mumbo/find/miss,9,4.38283507,0.0397553179,,368,8,16,0.5,28
Map/string/8/sparse_mumbo/find/mixed,9,5.6439514,0.0140093255,,368,8,16,0.5,28
Map/string/8/sparse_mumbo/iterate,9,3.8041908,0.0193919827,0.475523849,368,8,16,0.5,28
Map/string/8/std_unordered/at/hit,9,6.77745639,0.0193859046,,40,8,8,1,
Map/string/8/std_unordered/contains/hit,9,6.52992277,0.0307247882,,40,8,8,1,
Map/string/8/std_unordered/contains/miss,9,4.87501889,0.0297084154,,40,8,8,1,
Map/string/8/std_unordered/contains/mixed,9,5.91731103,0.0200055804,,40,8,8,1,
Map/string/8/std_unordered/count/hit,9,6.87927259,0.0359926849,,40,8,8,1,
Map/string/8/std_unordered/count/miss,9,5.12250338,0.0389616652,,40,8,8,1,
Map/string/8/std_unordered/count/mixed,9,6.24470627,0.0295993044,,40,8,8,1,
Map/string/8/std_unordered/equal_range/hit,9,7.06234902,0.0220511439,,40,8,8,1,
Map/string/8/std_unordered/equal_range/miss,9,5.54652413,0.0224043592,,40,8,8,1,
Map/string/8/std_unordered/equal_range/mixed,9,6.49476271,0.0225200075,,40,8,8,1,
Map/string/8/std_unordered/find/hit,9,6.59030098,0.0231896367,,40,8,8,1,
Map/string/8/std_unordered/find/miss,9,4.88808109,0.0225072786,,40,8,8,1,
Map/string/8/std_unordered/find/mixed,9,5.95543815,0.0270219736,,40,8,8,1,
Map/string/8/std_unordered/iterate,9,4.30696922,0.00639444696,0.538371152,40,8,8,1,
Set/string/256/absl_flat/contains/hit,9,6.33570193,0.0209208225,,16,256,511,0.50097847,
Set/string/256/absl_flat/contains/miss,9,4.93265467,0.0103217555,,16,256,511,0.50097847,
Set/string/256/absl_flat/contains/mixed,9,5.89840945,0.0178279918,,16,256,511,0.50097847,
Set/string/256/absl_flat/count/hit,9,6.46120642,0.0161917127,,16,256,511,0.50097847,
Set/string/256/absl_flat/count/miss,9,4.89255012,0.00584786046,,16,256,511,0.50097847,
Set/string/256/absl_flat/count/mixed,9,5.89937999,0.0112223845,,16,256,511,0.50097847,
Set/string/256/absl_flat/equal_range/hit,9,10.3831298,0.0302854438,,16,256,511,0.50097847,
Set/string/256/absl_flat/equal_range/miss,9,5.21308393,0.00372868339,,16,256,511,0.50097847,
Set/string/256/absl_flat/equal_range/mixed,9,8.10699592,0.0102907889,,16,256,511,0.50097847,
Set/string/256/absl_flat/find/hit,9,6.98421368,0.0726225852,,16,256,511,0.50097847,
Set/string/256/absl_flat/find/miss,9,5.14549276,0.0056908101,,16,256,511,0.50097847,
Set/string/256/absl_flat/find/mixed,9,6.45954768,0.0122111662,,16,256,511,0.50097847,
Set/string/256/absl_flat/iterate,9,234.614826,0.0187409004,0.916464166,16,256,511,0.50097847,
Set/string/256/absl_node/contains/hit,9,6.30041745,0.0246396204,,16,256,511,0.50097847,
Set/string/256/absl_node/contains/miss,9,4.22288759,0.00923449607,,16,256,511,0.50097847,
Set/string/256/absl_node/contains/mixed,9,5.2481754,0.0259710331,,16,256,511,0.50097847,
Set/string/256/absl_node/count/hit,9,6.37776866,0.0113985563,,16,256,511,0.50097847,
Set/string/256/absl_node/count/miss,9,4.24553046,0.0133981642,,16,256,511,0.50097847,
Set/string/256/absl_node/count/mixed,9,5.2987284,0.0205791549,,16,256,511,0.50097847,
Set/string/256/absl_node/equal_range/hit,9,9.81157832,0.00995815148,,16,256,511,0.50097847,
Set/string/256/absl_node/equal_range/miss,9,4.5555421,0.00696930872,,16,256,511,0.50097847,
Set/string/256/absl_node/equal_range/mixed,9,8.31892587,0.01517239,,16,256,511,0.50097847,
Set/string/256/absl_node/find/hit,9,7.4060474,0.0443715884,,16,256,511,0.50097847,
Set/string/256/absl_node/find/miss,9,4.53864994,0.00676347654,,16,256,511,0.50097847,
Set/string/256/absl_node/find/mixed,9,5.88412016,0.0121886366,,16,256,511,0.50097847,
Set/string/256/absl_node/iterate,9,221.03145,0.0551029666,0.863404103,16,256,511,0.50097847,
Set/string/256/limited/contains/hit,9,34.798356,0.0333442114,,4128,256,,,
Set/string/256/limited/contains/miss,9,34.6877074,0.048898843,,4128,256,,,
Set/string/256/limited/contains/mixed,9,35.9924122,0.0293863339,,4128,256,,,
Set/string/256/limited/count/hit,9,46.1835985,0.0283755816,,4128,256,,,
Set/string/256/limited/count/miss,9,44.2869111,0.0433497921,,4128,256,,,
Set/string/256/limited/count/mixed,9,45.1260729,0.0419193022,,4128,256,,,
Set/string/256/limited/equal_range/hit,9,46.1071904,0.0329523943,,4128,256,,,
Set/string/256/limited/equal_range/miss,9,41.6582373,0.0581844593,,4128,256,,,
Set/string/256/limited/equal_range/mixed,9,46.5187068,0.0458694536,,4128,256,,,
Set/string/256/limited/find/hit,9,32.5669989,0.0335395494,,4128,256,,,
Set/string/256/limited/find/miss,9,33.7084901,0.0309270345,,4128,256,,,
Set/string/256/limited/find/mixed,9,35.9181262,0.034964153,,4128,256,,,
Set/string/256/limited/iterate,9,101.276294,0.0156004207,0.395610525,4128,256,,,
Set/string/256/linear/contains/hit,9,331.058587,0.0496709205,,4096,256,,,
Set/string/256/linear/contains/miss,9,595.049748,0.0558195193,,4096,256,,,
Set/string/256/linear/contains/mixed,9,492.472156,0.0278668588,,4096,256,,,
Set/string/256/linear/count/hit,9,333.204956,0.0605317739,,4096,256,,,
Set/string/256/linear/count/miss,9,651.277454,0.0281816271,,4096,256,,,
Set/string/256/linear/count/mixed,9,494.7566,0.0241251429,,4096,256,,,
Set/string/256/linear/equal_range/hit,9,371.914431,0.0595277627,,4096,256,,,
Set/string/256/linear/equal_range/miss,9,730.183929,0.0409304799,,4096,256,,,
Set/string/256/linear/equal_range/mixed,9,538.449446,0.0334586747,,4096,256,,,
Set/string/256/linear/find/hit,9,326.949453,0.0204510386,,4096,256,,,
Set/string/256/linear/find/miss,9,611.170949,0.0326821374,,4096,256,,,
Set/string/256/linear/find/mixed,9,477.654751,0.0381470693,,4096,256,,,
Set/string/256/linear/iterate,9,100.818485,0.00245110483,0.393822209,4096,256,,,
Set/string/256/minimal/contains/hit,9,19.964311,0.0231700733,,8208,256,256,1,3678
Set/string/256/minimal/contains/miss,9,15.8153529,0.0427259516,,8208,256,256,1,3678
Set/string/256/minimal/contains/mixed,9,18.743204,0.0286796131,,8208,256,256,1,3678
Set/string/256/minimal/count/hit,9,19.2639967,0.0239061898,,8208,256,256,1,3678
Set/string/256/minimal/count/miss,9,15.5001455,0.0315794957,,8208,256,256,1,3678
Set/string/256/minimal/count/mixed,9,17.8206872,0.0219323115,,8208,256,256,1,3678
Set/string/256/minimal/equal_range/hit,9,20.7948945,0.00937690037,,8208,256,256,1,3678
Set/string/256/minimal/equal_range/miss,9,15.811532,0.0323842183,,8208,256,256,1,3678
Set/string/256/minimal/equal_range/mixed,9,19.407307,0.0329668938,,8208,256,256,1,3678
Set/string/256/minimal/find/hit,9,20.73137,0.0131491057,,8208,256,256,1,3678
Set/string/256/minimal/find/miss,9,14.9541985,0.0371299104,,8208,256,256,1,3678
Set/string/256/minimal/find/mixed,9,18.8250466,0.0326308537,,8208,256,256,1,3678
Set/string/256/minimal/iterate,9,100.652336,0.0180898646,0.393173188,8208,256,256,1,3678
Set/string/256/minimal_dumbo/contains/hit,9,11.2659545,0.0153507263,,8208,256,256,1,3314
Set/string/256/minimal_dumbo/contains/miss,9,6.49955005,0.0148995681,,8208,256,256,1,3314
Set/string/256/minimal_dumbo/contains/mixed,9,7.06725376,0.0358515091,,8208,256,256,1,3314
Set/string/256/minimal_dumbo/count/hit,9,11.1156288,0.0242980813,,8208,256,256,1,3314
Set/string/256/minimal_dumbo/count/miss,9,6.49859643,0.0162700451,,8208,256,256,1,3314
Set/string/256/minimal_dumbo/count/mixed,9,7.10525115,0.0267273041,,8208,256,256,1,3314
Set/string/256/minimal_dumbo/equal_range/hit,9,13.1545029,0.0107683159,,8208,256,256,1,3314
Set/string/256/minimal_dumbo/equal_range/miss,9,6.76675091,0.0115139679,,8208,256,256,1,3314
Set/string/256/minimal_dumbo/equal_range/mixed,9,8.10959949,0.0258991037,,8208,256,256,1,3314
Set/string/256/minimal_dumbo/find/hit,9,12.396524,0.0334392938,,8208,256,256,1,3314
Set/string/256/minimal_dumbo/find/miss,9,6.73088544,0.0224580601,,8208,256,256,1,3314
Set/string/256/minimal_dumbo/find/mixed,9,7.42761337,0.0304829853,,8208,256,256,1,3314
Set/string/256/minimal_dumbo/iterate,9,100.742396,0.0011619824,0.393524983,8208,256,256,1,3314
Set/string/256/minimal_fambo/contains/hit,9,9.66837141,0.134324417,,8208,256,256,1,3415
Set/string/256/minimal_fambo/contains/miss,9,5.52876132,0.0146187252,,8208,256,256,1,3415
Set/string/256/minimal_fambo/contains/mixed,9,6.11660529,0.0260831737,,8208,256,256,1,3415
Set/string/256/minimal_fambo/count/hit,9,10.3918728,0.0214173865,,8208,256,256,1,3415
Set/string/256/minimal_fambo/count/miss,9,5.75464838,0.006962258,,8208,256,256,1,3415
Set/string/256/minimal_fambo/count/mixed,9,6.23718421,0.0263189863,,8208,256,256,1,3415
Set/string/256/minimal_fambo/equal_range/hit,9,11.4278246,0.0252639406,,8208,256,256,1,3415
Set/string/256/minimal_fambo/equal_range/miss,9,5.73966678,0.0157519247,,8208,256,256,1,3415
Set/string/256/minimal_fambo/equal_range/mixed,9,6.96512148,0.0424088259,,8208,256,256,1,3415
Set/string/256/minimal_fambo/find/hit,9,10.4165041,0.0253155916,,8208,256,256,1,3415
Set/string/256/minimal_fambo/find/miss,9,5.64872505,0.0311165727,,8208,256,256,1,3415
Set/string/256/minimal_fambo/find/mixed,9,6.73112416,0.0201086294,,8208,256,256,1,3415
Set/string/256/minimal_fambo/iterate,9,100.58748,0.00190167251,0.392919844,8208,256,256,1,3415
Set/string/256/minimal_mumbo/contains/hit,9,10.2622707,0.036636968,,8208,256,256,1,4399
Set/string/256/minimal_mumbo/contains/miss,9,5.83189524,0.00805885314,,8208,256,256,1,4399
Set/string/256/minimal_mumbo/contains/mixed,9,6.43108089,0.023199187,,8208,256,256,1,4399
Set/string/256/minimal_mumbo/count/hit,9,11.2650937,0.0484591136,,8208,256,256,1,4399
Set/string/256/minimal_mumbo/count/miss,9,5.98274925,0.0128362656,,8208,256,256,1,4399
Set/string/256/minimal_mumbo/count/mixed,9,6.72739771,0.0177732566,,8208,256,256,1,4399
Set/string/256/minimal_mumbo/equal_range/hit,9,12.2718787,0.0390702261,,8208,256,256,1,4399
Set/string/256/minimal_mumbo/equal_range/miss,9,6.11844222,0.137838418,,8208,256,256,1,4399
Set/string/256/minimal_mumbo/equal_range/mixed,9,7.43976784,0.0372564187,,8208,256,256,1,4399
Set/string/256/minimal_mumbo/find/hit,9,11.0898377,0.0329730226,,8208,256,256,1,4399
Set/string/256/minimal_mumbo/find/miss,9,6.12704567,0.0160636195,,8208,256,256,1,4399
Set/string/256/minimal_mumbo/find/mixed,9,7.42664207,0.0400855111,,8208,256,256,1,4399
Set/string/256/minimal_mumbo/iterate,9,100.550014,0.00206672289,0.392773493,8208,256,256,1,4399
Set/string/256/sparse/contains/hit,9,20.1306081,0.0423919166,,9232,256,512,0.5,688
Set/string/256/sparse/contains/miss,9,9.48510909,0.0259393672,,9232,256,512,0.5,688
Set/string/256/sparse/contains/mixed,9,15.0601648,0.0574816786,,9232,256,512,0.5,688
Set/string/256/sparse/count/hit,9,19.3010654,0.0179453658,,9232,256,512,0.5,688
Set/string/256/sparse/count/miss,9,9.88659366,0.024658202,,9232,256,512,0.5,688
Set/string/256/sparse/count/mixed,9,15.8521785,0.0347027478,,9232,256,512,0.5,688
Set/string/256/sparse/equal_range/hit,9,20.7768374,0.0192343798,,9232,256,512,0.5,688
Set/string/256/sparse/equal_range/miss,9,10.229648,0.0338323861,,9232,256,512,0.5,688
Set/string/256/sparse/equal_range/mixed,9,16.4603623,0.0398570614,,9232,256,512,0.5,688
Set/string/256/sparse/find/hit,9,19.9625311,0.0147452289,,9232,256,512,0.5,688
Set/string/256/sparse/find/miss,9,9.60139551,0.0217582397,,9232,256,512,0.5,688
Set/string/256/sparse/find/mixed,9,14.8647157,0.0208437965,,9232,256,512,0.5,688
Set/string/256/sparse/iterate,9,100.730584,0.00939008889,0.393478846,9232,256,512,0.5,688
Set/string/256/sparse_dumbo/contains/hit,9,11.0640488,0.00841594514,,9232,256,512,0.5,795
Set/string/256/sparse_dumbo/contains/miss,9,5.76247396,0.00555648162,,9232,256,512,0.5,795
Set/string/256/sparse_dumbo/contains/mixed,9,6.83549137,0.0259170726,,9232,256,512,0.5,795
Set/string/256/sparse_dumbo/count/hit,9,10.7036558,0.0356763381,,9232,256,512,0.5,795
Set/string/256/sparse_dumbo/count/miss,9,5.65979082,0.0220130657,,9232,256,512,0.5,795
Set/string/256/sparse_dumbo/count/mixed,9,6.82384455,0.0335537756,,9232,256,512,0.5,795
Set/string/256/sparse_dumbo/equal_range/hit,9,12.7300601,0.0580744543,,9232,256,512,0.5,795
Set/string/256/sparse_dumbo/equal_range/miss,9,6.05692551,0.00521781976,,9232,256,512,0.5,795
Set/string/256/sparse_dumbo/equal_range/mixed,9,7.29417627,0.0417260866,,9232,256,512,0.5,795
Set/string/256/sparse_dumbo/find/hit,9,12.1007839,0.0104194474,,9232,256,512,0.5,795
Set/string/256/sparse_dumbo/find/miss,9,5.76225694,0.0699939043,,9232,256,512,0.5,795
Set/string/256/sparse_dumbo/find/mixed,9,7.05831731,0.0163806242,,9232,256,512,0.5,795
Set/string/256/sparse_dumbo/iterate,9,100.609988,0.0310754226,0.393007766,9232,256,512,0.5,795
Set/string/256/sparse_fambo/contains/hit,9,9.77431533,0.0390227788,,9232,256,512,0.5,711
Set/string/256/sparse_fambo/contains/miss,9,5.26851784,0.0201416576,,9232,256,512,0.5,711
Set/string/256/sparse_fambo/contains/mixed,9,5.74091637,0.0255832789,,9232,256,512,0.5,711
Set/string/256/sparse_fambo/count/hit,9,10.1383163,0.0363856645,,9232,256,512,0.5,711
Set/string/256/sparse_fambo/count/miss,9,5.18334148,0.013560128,,9232,256,512,0.5,711
Set/string/256/sparse_fambo/count/mixed,9,5.85767778,0.0175288105,,9232,256,512,0.5,711
Set/string/256/sparse_fambo/equal_range/hit,9,11.1838642,0.0282797937,,9232,256,512,0.5,711
Set/string/256/sparse_fambo/equal_range/miss,9,5.39505417,0.0289166506,,9232,256,512,0.5,711
Set/string/256/sparse_fambo/equal_range/mixed,9,6.28851195,0.0201214043,,9232,256,512,0.5,711
Set/string/256/sparse_fambo/find/hit,9,10.5594226,0.0263201282,,9232,256,512,0.5,711
Set/string/256/sparse_fambo/find/miss,9,5.35258409,0.01365042,,9232,256,512,0.5,711
Set/string/256/sparse_fambo/find/mixed,9,6.3200829,0.0285942627,,9232,256,512,0.5,711
Set/string/256/sparse_fambo/iterate,9,100.690377,0.00230379683,0.393321785,9232,256,512,0.5,711
Set/string/256/sparse_mumbo/contains/hit,9,10.179029,0.032021287,,9232,256,512,0.5,697
Set/string/256/sparse_mumbo/contains/miss,9,5.37318676,0.014516693,,9232,256,512,0.5,697
Set/string/256/sparse_mumbo/contains/mixed,9,5.85937258,0.0156362909,,9232,256,512,0.5,697
Set/string/256/sparse_mumbo/count/hit,9,11.5604309,0.0291316616,,9232,256,512,0.5,697
Set/string/256/sparse_mumbo/count/miss,9,5.56690512,0.0137177142,,9232,256,512,0.5,697
Set/string/256/sparse_mumbo/count/mixed,9,6.05402593,0.0125205903,,9232,256,512,0.5,697
Set/string/256/sparse_mumbo/equal_range/hit,9,12.5208695,0.0445919252,,9232,256,512,0.5,697
Set/string/256/sparse_mumbo/equal_range/miss,9,5.68670367,0.0161305997,,9232,256,512,0.5,697
Set/string/256/sparse_mumbo/equal_range/mixed,9,6.90303486,0.0357509337,,9232,256,512,0.5,697
Set/string/256/sparse_mumbo/find/hit,9,11.5931317,0.0304018046,,9232,256,512,0.5,697
Set/string/256/sparse_mumbo/find/miss,9,5.71537494,0.0117657234,,9232,256,512,0.5,697
Set/string/256/sparse_mumbo/find/mixed,9,7.17364547,0.0391923579,,9232,256,512,0.5,697
Set/string/256/sparse_mumbo/iterate,9,100.555705,0.0377252026,0.392795723,9232,256,512,0.5,697
Set/string/256/std_unordered/contains/hit,9,8.88536697,0.0300440823,,40,256,256,1,
Set/string/256/std_unordered/contains/miss,9,4.98984686,0.0338104722,,40,256,256,1,
Set/string/256/std_unordered/contains/mixed,9,6.41800554,0.0137530226,,40,256,256,1,
Set/string/256/std_unordered/count/hit,9,8.72033797,0.0244419609,,40,256,256,1,
Set/string/256/std_unordered/count/miss,9,4.98660837,0.0359184758,,40,256,256,1,
Set/string/256/std_unordered/count/mixed,9,6.67890252,0.140833289,,40,256,256,1,
Set/string/256/std_unordered/equal_range/hit,9,9.13842696,0.0265935172,,40,256,256,1,
Set/string/256/std_unordered/equal_range/miss,9,5.62320285,0.0389629559,,40,256,256,1,
Set/string/256/std_unordered/equal_range/mixed,9,7.05553648,0.0108996168,,40,256,256,1,
Set/string/256/std_unordered/find/hit,9,8.56560567,0.0137878051,,40,256,256,1,
Set/string/256/std_unordered/find/miss,9,5.02371469,0.014701932,,40,256,256,1,
Set/string/256/std_unordered/find/mixed,9,6.44307219,0.0161835524,,40,256,256,1,
Set/string/256/std_unordered/iterate,9,301.443836,0.00250109557,1.17751499,40,256,256,1,
Set/string/64/absl_flat/contains/hit,9,5.90456055,0.0365679819,,16,64,127,0.503937006,
Set/string/64/absl_flat/contains/miss,9,4.11599874,0.00271520777,,16,64,127,0.503937006,
Set/string/64/absl_flat/contains/mixed,9,5.09329137,0.0356390179,,16,64,127,0.503937006,
Set/string/64/absl_flat/count/hit,9,5.96149812,0.0553903465,,16,64,127,0.503937006,
Set/string/64/absl_flat/count/miss,9,3.87260493,0.0145875034,,16,64,127,0.503937006,
Set/string/64/absl_flat/count/mixed,9,5.08956948,0.0171583193,,16,64,127,0.503937006,
Set/string/64/absl_flat/equal_range/hit,9,8.17498832,0.0554094617,,16,64,127,0.503937006,
Set/string/64/absl_flat/equal_range/miss,9,4.23490029,0.011276973,,16,64,127,0.503937006,
Set/string/64/absl_flat/equal_range/mixed,9,7.07325761,0.0166474793,,16,64,127,0.503937006,
Set/string/64/absl_flat/find/hit,9,7.67088503,0.0325864934,,16,64,127,0.503937006,
Set/string/64/absl_flat/find/miss,9,4.5129573,0.00213980576,,16,64,127,0.503937006,
Set/string/64/absl_flat/find/mixed,9,6.06950007,0.0153200499,,16,64,127,0.503937006,
Set/string/64/absl_flat/iterate,9,43.078837,0.0106053012,0.673106829,16,64,127,0.503937006,
Set/string/64/absl_node/contains/hit,9,6.32236784,0.0121160214,,16,64,127,0.503937006,
Set/string/64/absl_node/contains/miss,9,4.56127635,0.0101441757,,16,64,127,0.503937006,
Set/string/64/absl_node/contains/mixed,9,5.97063097,0.0118981307,,16,64,127,0.503937006,
Set/string/64/absl_node/count/hit,9,6.31053848,0.027258437,,16,64,127,0.503937006,
Set/string/64/absl_node/count/miss,9,4.57452017,0.00863732879,,16,64,127,0.503937006,
Set/string/64/absl_node/count/mixed,9,5.95142235,0.0138156593,,16,64,127,0.503937006,
Set/string/64/absl_node/equal_range/hit,9,9.06862094,0.0188894404,,16,64,127,0.503937006,
Set/string/64/absl_node/equal_range/miss,9,4.88721822,0.0252757291,,16,64,127,0.503937006,
Set/string/64/absl_node/equal_range/mixed,9,7.28169394,0.0140081207,,16,64,127,0.503937006,
Set/string/64/absl_node/find/hit,9,7.57193083,0.0367542381,,16,64,127,0.503937006,
Set/string/64/absl_node/find/miss,9,4.81527908,0.0131079871,,16,64,127,0.503937006,
Set/string/64/absl_node/find/mixed,9,6.66144554,0.0112709183,,16,64,127,0.503937006,
Set/string/64/absl_node/iterate,9,42.9667414,0.00780896147,0.671355335,16,64,127,0.503937006,
Set/string/64/limited/contains/hit,9,27.7727255,0.030499963,,1056,64,,,
Set/string/64/limited/contains/miss,9,26.9542613,0.017979281,,1056,64,,,
Set/string/64/limited/contains/mixed,9,27.8763767,0.0237209273,,1056,64,,,
Set/string/64/limited/count/hit,9,38.5315978,0.0301871516,,1056,64,,,
Set/string/64/limited/count/miss,9,34.3065261,0.0298436596,,1056,64,,,
Set/string/64/limited/count/mixed,9,34.7153783,0.038688908,,1056,64,,,
Set/string/64/limited/equal_range/hit,9,38.6385468,0.0394230868,,1056,64,,,
Set/string/64/limited/equal_range/miss,9,34.9727112,0.0327462724,,1056,64,,,
Set/string/64/limited/equal_range/mixed,9,36.379305,0.0254083696,,1056,64,,,
Set/string/64/limited/find/hit,9,27.4563196,0.0200423737,,1056,64,,,
Set/string/64/limited/find/miss,9,27.2848681,0.0238283001,,1056,64,,,
Set/string/64/limited/find/mixed,9,27.6048673,0.0202707588,,1056,64,,,
Set/string/64/limited/iterate,9,23.7210661,0.0561359992,0.370641657,1056,64,,,
Set/string/64/linear/contains/hit,9,101.570585,0.0300338903,,1024,64,,,
Set/string/64/linear/contains/miss,9,181.65284,0.030445999,,1024,64,,,
Set/string/64/linear/contains/mixed,9,140.725071,0.0397868615,,1024,64,,,
Set/string/64/linear/count/hit,9,98.8030703,0.0428954843,,1024,64,,,
Set/string/64/linear/count/miss,9,173.894592,0.0236402031,,1024,64,,,
Set/string/64/linear/count/mixed,9,136.358174,0.042479636,,1024,64,,,
Set/string/64/linear/equal_range/hit,9,103.079083,0.0614027752,,1024,64,,,
Set/string/64/linear/equal_range/miss,9,181.428093,0.0389761295,,1024,64,,,
Set/string/64/linear/equal_range/mixed,9,144.374663,0.0435714282,,1024,64,,,
Set/string/64/linear/find/hit,9,99.5519877,0.0397837972,,1024,64,,,
Set/string/64/linear/find/miss,9,173.881674,0.0636531983,,1024,64,,,
Set/string/64/linear/find/mixed,9,142.137441,0.0361859595,,1024,64,,,
Set/string/64/linear/iterate,9,27.7472564,0.0687263557,0.433550882,1024,64,,,
Set/string/64/minimal/contains/hit,9,18.3281792,0.0158905824,,2064,64,64,1,437
Set/string/64/minimal/contains/miss,9,10.3623674,0.0528888202,,2064,64,64,1,437
Set/string/64/minimal/contains/mixed,9,13.8638904,0.0194227532,,2064,64,64,1,437
Set/string/64/minimal/count/hit,9,17.6342924,0.0166992216,,2064,64,64,1,437
Set/string/64/minimal/count/miss,9,10.3229933,0.0394383737,,2064,64,64,1,437
Set/string/64/minimal/count/mixed,9,13.823176,0.0324861492,,2064,64,64,1,437
Set/string/64/minimal/equal_range/hit,9,19.0841268,0.0263880409,,2064,64,64,1,437
Set/string/64/minimal/equal_range/miss,9,11.3265421,0.0326959938,,2064,64,64,1,437
Set/string/64/minimal/equal_range/mixed,9,14.8104933,0.0138834426,,2064,64,64,1,437
Set/string/64/minimal/find/hit,9,18.5303179,0.0157608744,,2064,64,64,1,437
Set/string/64/minimal/find/miss,9,10.4817577,0.0395716902,,2064,64,64,1,437
Set/string/64/minimal/find/mixed,9,14.0811348,0.0124713392,,2064,64,64,1,437
Set/string/64/minimal/iterate,9,23.6810084,0.00304414564,0.370015757,2064,64,64,1,437
Set/string/64/minimal_dumbo/contains/hit,9,8.4455067,0.155080687,,2064,64,64,1,438
Set/string/64/minimal_dumbo/contains/miss,9,6.51965959,0.011819631,,2064,64,64,1,438
Set/string/64/minimal_dumbo/contains/mixed,9,7.07815488,0.0123694508,,2064,64,64,1,438
Set/string/64/minimal_dumbo/count/hit,9,8.44391638,0.0295952879,,2064,64,64,1,438
Set/string/64/minimal_dumbo/count/miss,9,6.68947113,0.0234776425,,2064,64,64,1,438
Set/string/64/minimal_dumbo/count/mixed,9,7.09226873,0.0206084114,,2064,64,64,1,438
Set/string/64/minimal_dumbo/equal_range/hit,9,10.8572978,0.0357376392,,2064,64,64,1,438
Set/string/64/minimal_dumbo/equal_range/miss,9,6.79063318,0.0133207495,,2064,64,64,1,438
Set/string/64/minimal_dumbo/equal_range/mixed,9,7.8618403,0.0260379931,,2064,64,64,1,438
Set/string/64/minimal_dumbo/find/hit,9,10.2159429,0.0355867499,,2064,64,64,1,438
Set/string/64/minimal_dumbo/find/miss,9,6.59233368,0.00890656706,,2064,64,64,1,438
Set/string/64/minimal_dumbo/find/mixed,9,7.28485153,0.0116448445,,2064,64,64,1,438
Set/string/64/minimal_dumbo/iterate,9,23.6422902,0.005057272,0.369410785,2064,64,64,1,438
Set/string/64/minimal_fambo/contains/hit,9,7.01413161,0.0113965453,,2064,64,64,1,288
Set/string/64/minimal_fambo/contains/miss,9,5.62065519,0.0216401614,,2064,64,64,1,288
Set/string/64/minimal_fambo/contains/mixed,9,5.79591435,0.00772769256,,2064,64,64,1,288
Set/string/64/minimal_fambo/count/hit,9,7.27254943,0.0318931936,,2064,64,64,1,288
Set/string/64/minimal_fambo/count/miss,9,5.88851592,0.0143378356,,2064,64,64,1,288
Set/string/64/minimal_fambo/count/mixed,9,6.00874365,0.0271971176,,2064,64,64,1,288
Set/string/64/minimal_fambo/equal_range/hit,9,8.68285754,0.0290851306,,2064,64,64,1,288
Set/string/64/minimal_fambo/equal_range/miss,9,5.95989931,0.0418321975,,2064,64,64,1,288
Set/string/64/minimal_fambo/equal_range/mixed,9,6.46341943,0.0262601251,,2064,64,64,1,288
Set/string/64/minimal_fambo/find/hit,9,8.24211358,0.0580630844,,2064,64,64,1,288
Set/string/64/minimal_fambo/find/miss,9,5.97908008,0.0215293328,,2064,64,64,1,288
Set/string/64/minimal_fambo/find/mixed,9,6.56602147,0.0317225296,,2064,64,64,1,288
Set/string/64/minimal_fambo/iterate,9,23.726485,0.00141126842,0.370726328,2064,64,64,1,288
Set/string/64/minimal_mumbo/contains/hit,9,6.59587889,0.00970527258,,2064,64,64,1,417
Set/string/64/minimal_mumbo/contains/miss,9,5.94117744,0.0269414572,,2064,64,64,1,417
Set/string/64/minimal_mumbo/contains/mixed,9,6.3911619,0.01314528,,2064,64,64,1,417
Set/string/64/minimal_mumbo/count/hit,9,6.58813637,0.0334059332,,2064,64,64,1,417
Set/string/64/minimal_mumbo/count/miss,9,6.16714973,0.0442427301,,2064,64,64,1,417
Set/string/64/minimal_mumbo/count/mixed,9,6.44219956,0.0164237037,,2064,64,64,1,417
Set/string/64/minimal_mumbo/equal_range/hit,9,8.00775299,0.0223398186,,2064,64,64,1,417
Set/string/64/minimal_mumbo/equal_range/miss,9,6.27096597,0.0207159302,,2064,64,64,1,417
Set/string/64/minimal_mumbo/equal_range/mixed,9,7.34458392,0.0192270023,,2064,64,64,1,417
Set/string/64/minimal_mumbo/find/hit,9,8.18580122,0.0750116741,,2064,64,64,1,417
Set/string/64/minimal_mumbo/find/miss,9,6.18557662,0.0125043857,,2064,64,64,1,417
Set/string/64/minimal_mumbo/find/mixed,9,7.64685917,0.0271222996,,2064,64,64,1,417
Set/string/64/minimal_mumbo/iterate,9,23.7198716,0.0237050694,0.370622994,2064,64,64,1,417
Set/string/64/sparse/contains/hit,9,18.826812,0.0253605165,,2320,64,128,0.5,170
Set/string/64/sparse/contains/miss,9,9.51863025,0.0118810612,,2320,64,128,0.5,170
Set/string/64/sparse/contains/mixed,9,11.4021142,0.0748464239,,2320,64,128,0.5,170
Set/string/64/sparse/count/hit,9,18.1108641,0.0583342861,,2320,64,128,0.5,170
Set/string/64/sparse/count/miss,9,9.514068,0.00786676839,,2320,64,128,0.5,170
Set/string/64/sparse/count/mixed,9,11.3698695,0.0262781738,,2320,64,128,0.5,170
Set/string/64/sparse/equal_range/hit,9,19.2957127,0.0347329927,,2320,64,128,0.5,170
Set/string/64/sparse/equal_range/miss,9,10.305888,0.0156681148,,2320,64,128,0.5,170
Set/string/64/sparse/equal_range/mixed,9,13.103079,0.0193144672,,2320,64,128,0.5,170
Set/string/64/sparse/find/hit,9,18.2795559,0.0387718342,,2320,64,128,0.5,170
Set/string/64/sparse/find/miss,9,9.71133068,0.0143811217,,2320,64,128,0.5,170
Set/string/64/sparse/find/mixed,9,11.7029689,0.0332240365,,2320,64,128,0.5,170
Set/string/64/sparse/iterate,9,23.7157704,0.0152399074,0.370558912,2320,64,128,0.5,170
Set/string/64/sparse_dumbo/contains/hit,9,8.43946046,0.0289574008,,2320,64,128,0.5,173
Set/string/64/sparse_dumbo/contains/miss,9,6.14358872,0.011033221,,2320,64,128,0.5,173
Set/string/64/sparse_dumbo/contains/mixed,9,6.63956124,0.0142667671,,2320,64,128,0.5,173
Set/string/64/sparse_dumbo/count/hit,9,8.24523398,0.0289269531,,2320,64,128,0.5,173
Set/string/64/sparse_dumbo/count/miss,9,6.03633079,0.00860072859,,2320,64,128,0.5,173
Set/string/64/sparse_dumbo/count/mixed,9,6.68808315,0.0142003114,,2320,64,128,0.5,173
Set/string/64/sparse_dumbo/equal_range/hit,9,11.0723867,0.0578897749,,2320,64,128,0.5,173
Set/string/64/sparse_dumbo/equal_range/miss,9,6.30209148,0.0109245635,,2320,64,128,0.5,173
Set/string/64/sparse_dumbo/equal_range/mixed,9,7.43230943,0.0248839139,,2320,64,128,0.5,173
Set/string/64/sparse_dumbo/find/hit,9,10.1992829,0.0670661738,,2320,64,128,0.5,173
Set/string/64/sparse_dumbo/find/miss,9,6.2574645,0.0109403561,,2320,64,128,0.5,173
Set/string/64/sparse_dumbo/find/mixed,9,7.12964249,0.00910734476,,2320,64,128,0.5,173
Set/string/64/sparse_dumbo/iterate,9,23.7096922,0.00530943445,0.37046394,2320,64,128,0.5,173
Set/string/64/sparse_fambo/contains/hit,9,6.97125259,0.0169585021,,2320,64,128,0.5,165
Set/string/64/sparse_fambo/contains/miss,9,5.14413686,0.0117515555,,2320,64,128,0.5,165
Set/string/64/sparse_fambo/contains/mixed,9,5.51970745,0.0145415106,,2320,64,128,0.5,165
Set/string/64/sparse_fambo/count/hit,9,7.08783648,0.0302880997,,2320,64,128,0.5,165
Set/string/64/sparse_fambo/count/miss,9,5.34864273,0.00953128943,,2320,64,128,0.5,165
Set/string/64/sparse_fambo/count/mixed,9,5.60100384,0.0236898294,,2320,64,128,0.5,165
Set/string/64/sparse_fambo/equal_range/hit,9,8.24675028,0.0164183497,,2320,64,128,0.5,165
Set/string/64/sparse_fambo/equal_range/miss,9,5.5318763,0.044934963,,2320,64,128,0.5,165
Set/string/64/sparse_fambo/equal_range/mixed,9,6.1399497,0.0162487572,,2320,64,128,0.5,165
Set/string/64/sparse_fambo/find/hit,9,7.9160754,0.0205494876,,2320,64,128,0.5,165
Set/string/64/sparse_fambo/find/miss,9,5.52931485,0.0142237767,,2320,64,128,0.5,165
Set/string/64/sparse_fambo/find/mixed,9,6.17947778,0.0161300551,,2320,64,128,0.5,165
Set/string/64/sparse_fambo/iterate,9,23.7348088,0.0014773807,0.370856387,2320,64,128,0.5,165
Set/string/64/sparse_mumbo/contains/hit,9,6.63440095,0.0276699014,,2320,64,128,0.5,173
Set/string/64/sparse_mumbo/contains/miss,9,5.54490926,0.00939205663,,2320,64,128,0.5,173
Set/string/64/sparse_mumbo/contains/mixed,9,5.80922497,0.00848761299,,2320,64,128,0.5,173
Set/string/64/sparse_mumbo/count/hit,9,7.02330061,0.0447857895,,2320,64,128,0.5,173
Set/string/64/sparse_mumbo/count/miss,9,5.69898369,0.0212787751,,2320,64,128,0.5,173
Set/string/64/sparse_mumbo/count/mixed,9,6.13026943,0.00892419588,,2320,64,128,0.5,173
Set/string/64/sparse_mumbo/equal_range/hit,9,7.79915328,0.0178427746,,2320,64,128,0.5,173
Set/string/64/sparse_mumbo/equal_range/miss,9,5.9572144,0.0130325836,,2320,64,128,0.5,173
Set/string/64/sparse_mumbo/equal_range/mixed,9,6.65824191,0.0184368765,,2320,64,128,0.5,173
Set/string/64/sparse_mumbo/find/hit,9,7.36571908,0.0267213146,,2320,64,128,0.5,173
Set/string/64/sparse_mumbo/find/miss,9,5.97611333,0.0118845047,,2320,64,128,0.5,173
Set/string/64/sparse_mumbo/find/mixed,9,6.60660137,0.0166364261,,2320,64,128,0.5,173
Set/string/64/sparse_mumbo/iterate,9,24.5629125,0.0223267974,0.383795508,2320,64,128,0.5,173
Set/string/64/std_unordered/contains/hit,9,7.31431357,0.0297088765,,40,64,64,1,
Set/string/64/std_unordered/contains/miss,9,4.98104168,0.0334974994,,40,64,64,1,
Set/string/64/std_unordered/contains/mixed,9,6.1238459,0.0278440925,,40,64,64,1,
Set/string/64/std_unordered/count/hit,9,7.45954472,0.0177941474,,40,64,64,1,
Set/string/64/std_unordered/count/miss,9,5.15598273,0.0369655236,,40,64,64,1,
Set/string/64/std_unordered/count/mixed,9,6.14351987,0.109289581,,40,64,64,1,
Set/string/64/std_unordered/equal_range/hit,9,7.77777354,0.0204696676,,40,64,64,1,
Set/string/64/std_unordered/equal_range/miss,9,5.70382276,0.0254128507,,40,64,64,1,
Set/string/64/std_unordered/equal_range/mixed,9,6.61932596,0.0207877356,,40,64,64,1,
Set/string/64/std_unordered/find/hit,9,7.44421667,0.0357632177,,40,64,64,1,
Set/string/64/std_unordered/find/miss,9,5.1050748,0.0269455588,,40,64,64,1,
Set/string/64/std_unordered/find/mixed,9,6.04121347,0.0265289896,,40,64,64,1,
Set/string/64/std_unordered/iterate,9,49.2060659,0.00497183678,0.768844779,40,64,64,1,
Set/string/8/absl_flat/contains/hit,9,6.65896745,0.0118963679,,16,8,15,0.533333361,
Set/string/8/absl_flat/contains/miss,9,4.98281895,0.00697356316,,16,8,15,0.533333361,
Set/string/8/absl_flat/contains/mixed,9,6.03099404,0.0190480925,,16,8,15,0.533333361,
Set/string/8/absl_flat/count/hit,9,6.4328606,0.0251967171,,16,8,15,0.533333361,
Set/string/8/absl_flat/count/miss,9,4.6206796,0.0198986703,,16,8,15,0.533333361,
Set/string/8/absl_flat/count/mixed,9,5.69139345,0.0239826234,,16,8,15,0.533333361,
Set/string/8/absl_flat/equal_range/hit,9,7.32564361,0.0216798819,,16,8,15,0.533333361,
Set/string/8/absl_flat/equal_range/miss,9,4.96016788,0.0260398655,,16,8,15,0.533333361,
Set/string/8/absl_flat/equal_range/mixed,9,6.2219926,0.0218473118,,16,8,15,0.533333361,
Set/string/8/absl_flat/find/hit,9,9.31198274,0.0175463649,,16,8,15,0.533333361,
Set/string/8/absl_flat/find/miss,9,5.75313189,0.100916753,,16,8,15,0.533333361,
Set/string/8/absl_flat/find/mixed,9,6.31269099,0.0227318644,,16,8,15,0.533333361,
Set/string/8/absl_flat/iterate,9,4.25932026,0.0561384565,0.532415032,16,8,15,0.533333361,
Set/string/8/absl_node/contains/hit,9,6.42844106,0.0101382319,,16,8,15,0.533333361,
Set/string/8/absl_node/contains/miss,9,3.9617384,0.0442529491,,16,8,15,0.533333361,
Set/string/8/absl_node/contains/mixed,9,5.2030281,0.0291569865,,16,8,15,0.533333361,
Set/string/8/absl_node/count/hit,9,6.41439157,0.0398940671,,16,8,15,0.533333361,
Set/string/8/absl_node/count/miss,9,3.9350412,0.0214670726,,16,8,15,0.533333361,
Set/string/8/absl_node/count/mixed,9,5.20439913,0.0115562455,,16,8,15,0.533333361,
Set/string/8/absl_node/equal_range/hit,9,7.41375524,0.027010299,,16,8,15,0.533333361,
Set/string/8/absl_node/equal_range/miss,9,4.30717738,0.0214767449,,16,8,15,0.533333361,
Set/string/8/absl_node/equal_range/mixed,9,5.96604038,0.0213213211,,16,8,15,0.533333361,
Set/string/8/absl_node/find/hit,9,9.95196844,0.0281196088,,16,8,15,0.533333361,
Set/string/8/absl_node/find/miss,9,4.12441107,0.0168747591,,16,8,15,0.533333361,
Set/string/8/absl_node/find/mixed,9,5.91003034,0.016567997,,16,8,15,0.533333361,
Set/string/8/absl_node/iterate,9,4.11585222,0.019360435,0.514481527,16,8,15,0.533333361,
Set/string/8/limited/contains/hit,9,19.2505045,0.0357315979,,160,8,,,
Set/string/8/limited/contains/miss,9,18.9604902,0.0280454167,,160,8,,,
Set/string/8/limited/contains/mixed,9,19.8259025,0.0128767965,,160,8,,,
Set/string/8/limited/count/hit,9,22.7189925,0.0227907594,,160,8,,,
Set/string/8/limited/count/miss,9,18.8273391,0.0555609033,,160,8,,,
Set/string/8/limited/count/mixed,9,21.7501335,0.0199765676,,160,8,,,
Set/string/8/limited/equal_range/hit,9,22.6694123,0.0207389247,,160,8,,,
Set/string/8/limited/equal_range/miss,9,19.5482175,0.0376991756,,160,8,,,
Set/string/8/limited/equal_range/mixed,9,21.9699417,0.0422283011,,160,8,,,
Set/string/8/limited/find/hit,9,18.5262298,0.0267092768,,160,8,,,
Set/string/8/limited/find/miss,9,19.6044309,0.0855558508,,160,8,,,
Set/string/8/limited/find/mixed,9,20.2670814,0.0281378705,,160,8,,,
Set/string/8/limited/iterate,9,3.33661492,0.0948839362,0.417076865,160,8,,,
Set/string/8/linear/contains/hit,9,15.0940999,0.0159427454,,128,8,,,
Set/string/8/linear/contains/miss,9,27.2151964,0.0240903363,,128,8,,,
Set/string/8/linear/contains/mixed,9,21.6810585,0.0175030812,,128,8,,,
Set/string/8/linear/count/hit,9,14.6434019,0.0497211657,,128,8,,,
Set/string/8/linear/count/miss,9,27.4089619,0.0364297091,,128,8,,,
Set/string/8/linear/count/mixed,9,21.7406993,0.0253057357,,128,8,,,
Set/string/8/linear/equal_range/hit,9,15.3886922,0.0430883616,,128,8,,,
Set/string/8/linear/equal_range/miss,9,27.3532227,0.0366765221,,128,8,,,
Set/string/8/linear/equal_range/mixed,9,21.5997851,0.0360988403,,128,8,,,
Set/string/8/linear/find/hit,9,15.2755775,0.0550611737,,128,8,,,
Set/string/8/linear/find/miss,9,27.4670369,0.0229388389,,128,8,,,
Set/string/8/linear/find/mixed,9,21.3147733,0.0201653307,,128,8,,,
Set/string/8/linear/iterate,9,1.83997405,0.00689198043,0.229996756,128,8,,,
Set/string/8/minimal/contains/hit,9,10.2941104,0.0333535732,,272,8,8,1,35
Set/string/8/minimal/contains/miss,9,10.0102354,0.0139253065,,272,8,8,1,35
Set/string/8/minimal/contains/mixed,9,10.7120722,0.0112493876,,272,8,8,1,35
Set/string/8/minimal/count/hit,9,10.4278249,0.0136827736,,272,8,8,1,35
Set/string/8/minimal/count/miss,9,9.95843583,0.00372655287,,272,8,8,1,35
Set/string/8/minimal/count/mixed,9,10.4778596,0.00830748001,,272,8,8,1,35
Set/string/8/minimal/equal_range/hit,9,11.2984501,0.00805407079,,272,8,8,1,35
Set/string/8/minimal/equal_range/miss,9,10.2461548,0.0533247533,,272,8,8,1,35
Set/string/8/minimal/equal_range/mixed,9,11.763733,0.014397981,,272,8,8,1,35
Set/string/8/minimal/find/hit,9,10.8115742,0.036310945,,272,8,8,1,35
Set/string/8/minimal/find/miss,9,9.73273899,0.010320673,,272,8,8,1,35
Set/string/8/minimal/find/mixed,9,10.9406134,0.00879894125,,272,8,8,1,35
Set/string/8/minimal/iterate,9,3.04318096,0.0926501928,0.38039762,272,8,8,1,35
Set/string/8/minimal_dumbo/contains/hit,9,7.23776058,0.0110452833,,272,8,8,1,33
Set/string/8/minimal_dumbo/contains/miss,9,7.12020977,0.0157358975,,272,8,8,1,33
Set/string/8/minimal_dumbo/contains/mixed,9,6.91375382,0.00932985439,,272,8,8,1,33
Set/string/8/minimal_dumbo/count/hit,9,7.3479273,0.00483843563,,272,8,8,1,33
Set/string/8/minimal_dumbo/count/miss,9,6.50449246,0.0275636868,,272,8,8,1,33
Set/string/8/minimal_dumbo/count/mixed,9,6.46038357,0.012110128,,272,8,8,1,33
Set/string/8/minimal_dumbo/equal_range/hit,9,8.19796917,0.0179098172,,272,8,8,1,33
Set/string/8/minimal_dumbo/equal_range/miss,9,6.87112788,0.0805849155,,272,8,8,1,33
Set/string/8/minimal_dumbo/equal_range/mixed,9,7.275425,0.0139728725,,272,8,8,1,33
Set/string/8/minimal_dumbo/find/hit,9,7.54497604,0.00690754698,,272,8,8,1,33
Set/string/8/minimal_dumbo/find/miss,9,6.7794975,0.0181813309,,272,8,8,1,33
Set/string/8/minimal_dumbo/find/mixed,9,6.94614066,0.021777468,,272,8,8,1,33
Set/string/8/minimal_dumbo/iterate,9,3.02530664,0.183357502,0.37816333,272,8,8,1,33
Set/string/8/minimal_fambo/contains/hit,9,5.7935249,0.00825020233,,272,8,8,1,29
Set/string/8/minimal_fambo/contains/miss,9,5.65748556,0.00888550433,,272,8,8,1,29
Set/string/8/minimal_fambo/contains/mixed,9,5.88809218,0.00676085545,,272,8,8,1,29
Set/string/8/minimal_fambo/count/hit,9,6.31862621,0.0228568483,,272,8,8,1,29
Set/string/8/minimal_fambo/count/miss,9,5.59619188,0.0177329678,,272,8,8,1,29
Set/string/8/minimal_fambo/count/mixed,9,5.8443008,0.0905955776,,272,8,8,1,29
Set/string/8/minimal_fambo/equal_range/hit,9,7.3945747,0.0300114959,,272,8,8,1,29
Set/string/8/minimal_fambo/equal_range/miss,9,5.87981898,0.0259446825,,272,8,8,1,29
Set/string/8/minimal_fambo/equal_range/mixed,9,6.57625536,0.0136208032,,272,8,8,1,29
Set/string/8/minimal_fambo/find/hit,9,6.63319143,0.0237517239,,272,8,8,1,29
Set/string/8/minimal_fambo/find/miss,9,5.89791118,0.0155830039,,272,8,8,1,29
Set/string/8/minimal_fambo/find/mixed,9,6.55511983,0.0255407737,,272,8,8,1,29
Set/string/8/minimal_fambo/iterate,9,5.58741768,0.00452817705,0.698427209,272,8,8,1,29
Set/string/8/minimal_mumbo/contains/hit,9,6.32854534,0.00807712541,,272,8,8,1,58
Set/string/8/minimal_mumbo/contains/miss,9,6.15315343,0.0144169304,,272,8,8,1,58
Set/string/8/minimal_mumbo/contains/mixed,9,6.10305234,0.0163885763,,272,8,8,1,58
Set/string/8/minimal_mumbo/count/hit,9,6.18874575,0.00706203103,,272,8,8,1,58
Set/string/8/minimal_mumbo/count/miss,9,6.09339318,0.0164739018,,272,8,8,1,58
Set/string/8/minimal_mumbo/count/mixed,9,6.14441881,0.0140374729,,272,8,8,1,58
Set/string/8/minimal_mumbo/equal_range/hit,9,7.70943132,0.0109927345,,272,8,8,1,58
Set/string/8/minimal_mumbo/equal_range/miss,9,6.30765641,0.0156233765,,272,8,8,1,58
Set/string/8/minimal_mumbo/equal_range/mixed,9,6.62528034,0.0124716105,,272,8,8,1,58
Set/string/8/minimal_mumbo/find/hit,9,7.06278563,0.00884255138,,272,8,8,1,58
Set/string/8/minimal_mumbo/find/miss,9,6.4279436,0.0379756312,,272,8,8,1,58
Set/string/8/minimal_mumbo/find/mixed,9,6.67476383,0.0182200054,,272,8,8,1,58
Set/string/8/minimal_mumbo/iterate,9,2.95727662,0.09775704,0.369659578,272,8,8,1,58
Set/string/8/sparse/contains/hit,9,10.3107003,0.00482856393,,304,8,16,0.5,24
Set/string/8/sparse/contains/miss,9,8.81767955,0.0196868499,,304,8,16,0.5,24
Set/string/8/sparse/contains/mixed,9,10.1285077,0.00747527922,,304,8,16,0.5,24
Set/string/8/sparse/count/hit,9,10.3326183,0.0138540089,,304,8,16,0.5,24
Set/string/8/sparse/count/miss,9,8.87835899,0.0157490907,,304,8,16,0.5,24
Set/string/8/sparse/count/mixed,9,9.9460638,0.0167918307,,304,8,16,0.5,24
Set/string/8/sparse/equal_range/hit,9,10.8930854,0.0099007443,,304,8,16,0.5,24
Set/string/8/sparse/equal_range/miss,9,9.76810383,0.0137287103,,304,8,16,0.5,24
Set/string/8/sparse/equal_range/mixed,9,11.3574972,0.00862732573,,304,8,16,0.5,24
Set/string/8/sparse/find/hit,9,10.4174521,0.0115754706,,304,8,16,0.5,24
Set/string/8/sparse/find/miss,9,9.61272218,0.0244206258,,304,8,16,0.5,24
Set/string/8/sparse/find/mixed,9,10.6221621,0.00763621382,,304,8,16,0.5,24
Set/string/8/sparse/iterate,9,3.27899977,0.107867186,0.409874971,304,8,16,0.5,24
Set/string/8/sparse_dumbo/contains/hit,9,6.95666304,0.016253266,,304,8,16,0.5,26
Set/string/8/sparse_dumbo/contains/miss,9,6.02026481,0.0471001559,,304,8,16,0.5,26
Set/string/8/sparse_dumbo/contains/mixed,9,6.14769121,0.0406434448,,304,8,16,0.5,26
Set/string/8/sparse_dumbo/count/hit,9,7.41170553,0.00995723224,,304,8,16,0.5,26
Set/string/8/sparse_dumbo/count/miss,9,5.83959512,0.0132257676,,304,8,16,0.5,26
Set/string/8/sparse_dumbo/count/mixed,9,6.58978807,0.0102747369,,304,8,16,0.5,26
Set/string/8/sparse_dumbo/equal_range/hit,9,8.36550475,0.0157640751,,304,8,16,0.5,26
Set/string/8/sparse_dumbo/equal_range/miss,9,6.27827013,0.0179164092,,304,8,16,0.5,26
Set/string/8/sparse_dumbo/equal_range/mixed,9,6.84375679,0.0106357675,,304,8,16,0.5,26
Set/string/8/sparse_dumbo/find/hit,9,7.66363539,0.0162396297,,304,8,16,0.5,26
Set/string/8/sparse_dumbo/find/miss,9,6.14086338,0.0136980229,,304,8,16,0.5,26
Set/string/8/sparse_dumbo/find/mixed,9,6.72492141,0.0117665286,,304,8,16,0.5,26
Set/string/8/sparse_dumbo/iterate,9,3.0629,0.0948657975,0.3828625,304,8,16,0.5,26
Set/string/8/sparse_fambo/contains/hit,9,5.82133622,0.0506459128,,304,8,16,0.5,20
Set/string/8/sparse_fambo/contains/miss,9,4.6327431,0.0403453889,,304,8,16,0.5,20
Set/string/8/sparse_fambo/contains/mixed,9,5.38704367,0.00757681792,,304,8,16,0.5,20
Set/string/8/sparse_fambo/count/hit,9,5.96973981,0.0201795859,,304,8,16,0.5,20
Set/string/8/sparse_fambo/count/miss,9,4.54969897,0.027721914,,304,8,16,0.5,20
Set/string/8/sparse_fambo/count/mixed,9,5.3096731,0.014426211,,304,8,16,0.5,20
Set/string/8/sparse_fambo/equal_range/hit,9,7.22948541,0.0228590882,,304,8,16,0.5,20
Set/string/8/sparse_fambo/equal_range/miss,9,5.0319602,0.089956983,,304,8,16,0.5,20
Set/string/8/sparse_fambo/equal_range/mixed,9,5.93138725,0.0248348329,,304,8,16,0.5,20
Set/string/8/sparse_fambo/find/hit,9,6.68106348,0.0309618925,,304,8,16,0.5,20
Set/string/8/sparse_fambo/find/miss,9,4.85751568,0.0347891562,,304,8,16,0.5,20
Set/string/8/sparse_fambo/find/mixed,9,6.08852458,0.0235945989,,304,8,16,0.5,20
Set/string/8/sparse_fambo/iterate,9,3.08019137,0.0624900676,0.385023921,304,8,16,0.5,20
Set/string/8/sparse_mumbo/contains/hit,9,6.364136,0.0133508887,,304,8,16,0.5,28
Set/string/8/sparse_mumbo/contains/miss,9,4.1343511,0.015569283,,304,8,16,0.5,28
Set/string/8/sparse_mumbo/contains/mixed,9,5.18855572,0.0148353471,,304,8,16,0.5,28
Set/string/8/sparse_mumbo/count/hit,9,6.29625006,0.0104837156,,304,8,16,0.5,28
Set/string/8/sparse_mumbo/count/miss,9,4.09426294,0.0194316263,,304,8,16,0.5,28
Set/string/8/sparse_mumbo/count/mixed,9,5.20765949,0.00549048422,,304,8,16,0.5,28
Set/string/8/sparse_mumbo/equal_range/hit,9,7.60892545,0.00991171517,,304,8,16,0.5,28
Set/string/8/sparse_mumbo/equal_range/miss,9,4.32489904,0.0150165243,,304,8,16,0.5,28
Set/string/8/sparse_mumbo/equal_range/mixed,9,5.61967942,0.0202445312,,304,8,16,0.5,28
Set/string/8/sparse_mumbo/find/hit,9,7.05607518,0.0164330735,,304,8,16,0.5,28
Set/string/8/sparse_mumbo/find/miss,9,4.41487608,0.0213767084,,304,8,16,0.5,28
Set/string/8/sparse_mumbo/find/mixed,9,5.62799712,0.0235272409,,304,8,16,0.5,28
Set/string/8/sparse_mumbo/iterate,9,3.34104205,0.101088305,0.417630256,304,8,16,0.5,28
Set/string/8/std_unordered/contains/hit,9,6.44634727,0.0583416096,,40,8,8,1,
Set/string/8/std_unordered/contains/miss,9,4.64229187,0.0425224065,,40,8,8,1,
Set/string/8/std_unordered/contains/mixed,9,5.67397144,0.0273121097,,40,8,8,1,
Set/string/8/std_unordered/count/hit,9,6.66555263,0.0606442418,,40,8,8,1,
Set/string/8/std_unordered/count/miss,9,4.81449554,0.0562476868,,40,8,8,1,
Set/string/8/std_unordered/count/mixed,9,5.94933697,0.0346264004,,40,8,8,1,
Set/string/8/std_unordered/equal_range/hit,9,6.98145798,0.118629679,,40,8,8,1,
Set/string/8/std_unordered/equal_range/miss,9,5.37438447,0.0181436415,,40,8,8,1,
Set/string/8/std_unordered/equal_range/mixed,9,6.35016306,0.0206190283,,40,8,8,1,
Set/string/8/std_unordered/find/hit,9,6.45562719,0.0316348931,,40,8,8,1,
Set/string/8/std_unordered/find/miss,9,4.81392333,0.0535936388,,40,8,8,1,
Set/string/8/std_unordered/find/mixed,9,5.87332488,0.024841181,,40,8,8,1,
Set/string/8/std_unordered/iterate,9,2.8668,0.0739949975,0.35835,40,8,8,1,
